arquivo;abordagem;rouge1;rouge2;rougeL;bertscore_precisao;bertscore_recall;bertscore_f1;cobertura_score;fidelidade_nota;fidelidade_qtd_nao_suportadas;fidelidade_afirmacoes_nao_suportadas;cobertura_problema;cobertura_problema_evidencia;cobertura_objetivo;cobertura_objetivo_evidencia;cobertura_metodo;cobertura_metodo_evidencia;cobertura_resultados;cobertura_resultados_evidencia;cobertura_contribuicao;cobertura_contribuicao_evidencia
146-Relatório do Projeto-982-1-10-20230821.txt;multi_agent;0,3147;0,1039;0,1724;0,6734;0,7419;0,706;5;3;2;A literatura carece de diretrizes claras sobre a implementação eficaz da automação em contextos legados. | A execução dos testes foi automatizada, e a análise de cobertura de código foi realizada para avaliar a eficácia da automação.;1;destacando os desafios enfrentados devido à complexidade arquitetônica, documentação deficiente e altos custos de manutenção.;1;O artigo aborda a aplicação de testes automatizados em sistemas legados.;1;A metodologia incluiu uma revisão da literatura para embasar as práticas de automação, seguida pela análise do histórico de backlog para identificar rotinas críticas.;1;Os resultados mostraram um aumento gradual na cobertura de código, que passou de 15% em janeiro de 2020 para 43,7% em 2023.;1;As contribuições do estudo incluem a identificação de boas práticas e fatores de sucesso na automação de testes em sistemas legados.
146-Relatório do Projeto-982-1-10-20230821.txt;reflection_agent;0,37;0,1833;0,2466;0,6943;0,7727;0,7314;5;5;0;;1;O artigo aborda o desafio da aplicação de testes automatizados em sistemas legados, que frequentemente apresentam dificuldades de manutenção e evolução devido à sua arquitetura e tecnologias obsoletas.;1;O objetivo do estudo foi identificar fatores de sucesso na implementação de testes automatizados em um software de gestão de planos de saúde, visando melhorar a qualidade do sistema.;1;Para isso, foi realizado um estudo de caso em uma empresa de desenvolvimento de software em São Paulo, que incluiu uma revisão da literatura sobre boas práticas de automação de testes.;1;Os resultados mostraram um aumento gradual na cobertura de código, que passou de 15% em janeiro de 2020 para 43,7% no primeiro trimestre de 2023, e uma redução significativa no número de manutenções necessárias, que caiu de 1313 em 2017 para 595 em 2022.;1;A contribuição do estudo reside na demonstração de que a automação de testes, embora complexa e demandando investimento, pode resultar em melhorias significativas na qualidade do software e na eficiência do processo de desenvolvimento.
146-Relatório do Projeto-982-1-10-20230821.txt;single_agent;0,4177;0,1847;0,2658;0,7286;0,775;0,7511;5;3;3;O resumo menciona que a automação de testes leva a um produto mais estável, mas não especifica que a análise de cobertura de código foi realizada e que a cobertura inicial era de apenas 15%. | O resumo afirma que houve uma redução significativa no número de manutenções necessárias, mas não menciona os dados específicos que mostram essa redução ao longo dos anos, como os números de bugs abertos por ano. | O resumo sugere que a automação de testes é uma solução simples, mas o artigo original enfatiza que a implementação requer tempo, investimento e planejamento.;1;destacando os desafios enfrentados por empresas que utilizam esses sistemas devido à sua estrutura e tecnologias obsoletas.;1;O objetivo do estudo é identificar fatores de sucesso na implementação de testes automatizados em um software de gestão de planos de saúde, visando melhorar a qualidade do sistema.;1;O método utilizado envolveu a elaboração de scripts de testes automatizados, priorizando rotinas críticas e funcionalidades com alta demanda de correção de bugs, além da análise de cobertura de código.;1;Os resultados mostraram um aumento gradual na cobertura de linhas de código ao longo do tempo e uma redução significativa no número de manutenções necessárias, indicando uma melhoria na qualidade do produto.;1;A contribuição do estudo reside na demonstração de que a automação de testes pode levar a um produto mais estável, redução de retrabalho e aumento da confiança dos desenvolvedores, embora a implementação exija tempo e planejamento.
15225-1550-11966-1-10-20210521.txt;multi_agent;0,2704;0,1336;0,1845;0,6987;0,7685;0,7319;5;2;3;A pesquisa destaca que, apesar dos benefícios que os BPMS oferecem na gestão de processos de negócio, a falta de ferramentas adequadas para a realização de testes automatizados pode levar a falhas significativas durante a implementação e execução de processos. | Os resultados indicam que os testes de carga realizados com JMeter foram eficazes para identificar problemas de desempenho, como altos tempos de resposta e taxas de erro em situações de alta carga, com um tempo médio de resposta de 10.149 ms para 200 usuários virtuais na requisição de login e uma taxa de erro de 7,82%. | A automação de testes funcionais com Selenium e Cucumber mostrou-se mais viável e menos dependente das especificidades dos BPMS, permitindo a reprodução da interação do usuário e a identificação de erros que passaram despercebidos nos testes manuais.;1;a falta de ferramentas adequadas para a realização de testes automatizados pode levar a falhas significativas durante a implementação e execução de processos;1;O artigo apresenta um relato de experiência sobre a automação de testes em aplicações de Business Process Management Systems (BPMS);1;A metodologia utilizada consistiu na comparação entre os BPMS Bonita e Activiti, focando na execução de testes automatizados em um processo específico;1;Os resultados indicam que os testes de carga realizados com JMeter foram eficazes para identificar problemas de desempenho, como altos tempos de resposta e taxas de erro em situações de alta carga;1;sugerindo que a implementação de funcionalidades de teste automatizado poderia facilitar a validação de processos de negócio e melhorar a confiabilidade das aplicações
15225-1550-11966-1-10-20210521.txt;reflection_agent;0,363;0,1792;0,2491;0,7262;0,7723;0,7486;5;3;3;O resumo afirma que o tema da automação de testes em BPMS é pouco explorado na literatura, mas não fornece uma referência direta a essa afirmação no artigo original. | O resumo menciona que os testes de carga foram eficazes para identificar problemas de desempenho, mas não especifica que os testes só puderam ser realizados com a aplicação criada com Bonita, o que é uma limitação importante. | O resumo sugere que os testes funcionais permitiram a identificação de erros que não foram detectados em testes manuais, mas não menciona que esses erros foram os mesmos em ambas as ferramentas BPMS, o que é uma informação relevante.;1;um tema pouco explorado na literatura, apesar da crescente adoção dessas ferramentas por empresas.;1;O objetivo foi investigar soluções para a automação de testes em um processo implementado em BPMS.;1;foram utilizados métodos de testes de carga e funcionais, empregando ferramentas open source como JMeter e Selenium, respectivamente.;1;Os resultados indicaram que os testes de carga foram eficazes para identificar problemas de desempenho, mas exigiram um esforço significativo devido à complexidade das requisições HTTP.;1;A contribuição deste trabalho reside na demonstração de que, sob certas condições, é possível aplicar ferramentas de teste de software em BPMS.
15225-1550-11966-1-10-20210521.txt;single_agent;0,3915;0,1577;0,2491;0,7223;0,7618;0,7415;5;5;0;;1;a problemática da automação de testes em sistemas de gerenciamento de processos de negócio (BPMS), destacando a escassez de suporte a testes automatizados nessas ferramentas.;1;O objetivo do trabalho foi explorar soluções para a automação de testes em um processo implementado em BPMS.;1;O método envolveu a realização de testes de carga e funcionais em duas implementações distintas do mesmo processo, utilizando ferramentas open source.;1;Os resultados indicaram que os testes de carga foram bem-sucedidos na aplicação Bonita, mas inviáveis na Activiti devido à dificuldade em reproduzir requisições.;1;A contribuição do trabalho reside na demonstração de que, sob certas condições, é possível testar aplicações de BPMS com ferramentas de teste para sistemas Web.
15231-1550-11972-1-10-20210521.txt;multi_agent;0,3013;0,1603;0,1706;0,6834;0,7483;0,7144;5;3;3;O resumo menciona que a automação proporciona uma significativa redução no tempo de execução, mas não especifica que na primeira amostra os testes manuais mostraram-se 46% mais eficientes em termos de tempo de execução, o que é uma afirmação central do artigo original. | O resumo não menciona que a automação demonstrou um ganho de 29% em relação aos testes manuais na segunda amostra, o que é um dado numérico importante. | O resumo afirma que a metodologia é caracterizada como um estudo de caso, mas não menciona que o analista de teste tinha três anos de experiência, o que é uma informação relevante sobre a execução do estudo.;1;O problema de pesquisa abordado refere-se à dificuldade e ineficiência na execução de testes manuais em aplicações web, especialmente em contextos que exigem resultados rápidos e de alta qualidade.;1;O estudo buscou avaliar a eficiência das abordagens de teste em termos de tempo e custo, variando a quantidade de ambientes de execução e a quantidade de repetições de teste.;1;A metodologia utilizada no estudo é caracterizada como um estudo de caso, onde uma aplicação web chamada 'Empresa' foi utilizada para realizar cadastros de Clientes, Recibos e Serviços.;1;Os resultados indicam que, embora a automação exija um investimento inicial maior em termos de tempo para especificação e implementação dos testes, ela proporciona uma significativa redução no tempo de execução.;1;As contribuições do estudo ressaltam a eficácia da automação de testes de aceitação para empresas que buscam entregar produtos de alta qualidade dentro de prazos estabelecidos.
15231-1550-11972-1-10-20210521.txt;reflection_agent;0,422;0,2209;0,2312;0,7194;0,7648;0,7414;5;3;2;O resumo afirma que a automação se torna mais eficiente em cenários com múltiplos ambientes e repetições, mas não menciona que na 1ª Amostra os testes manuais foram 46% mais eficientes em termos de tempo de execução em relação aos testes automatizados. | O resumo sugere que a automação apresenta uma redução de 29% no custo da execução em comparação aos testes manuais, mas não menciona que isso se aplica apenas a um cenário específico (2ª Amostra) e que em outro cenário (1ª Amostra) os testes manuais foram mais eficientes.;1;abordando a necessidade de resultados rápidos e a busca por qualidade no desenvolvimento de software.;1;O objetivo é avaliar a eficiência da técnica Behavior-Driven Development (BDD) em conjunto com as ferramentas Cucumber-JVM, Selenium WebDriver e JUnit, visando a automação de testes repetitivos e a redução de falhas em produção.;1;O método utilizado envolveu a execução de testes em um sistema de cadastro, onde foram especificados e implementados cenários de aceitação.;1;os resultados mostraram que, embora a automação exija um investimento inicial maior em tempo para a implementação dos scripts, ela se torna mais eficiente em cenários com múltiplos ambientes e repetições, apresentando uma redução de 29% no custo da execução em comparação aos testes manuais em um cenário com 5 ambientes e 10 repetições.;1;A contribuição deste trabalho reside na demonstração de que a automação de testes, especialmente em contextos complexos, pode aumentar a qualidade do software e a satisfação do cliente, além de facilitar a colaboração entre as partes envolvidas no projeto.
15231-1550-11972-1-10-20210521.txt;single_agent;0,4615;0,2291;0,24;0,73;0,7688;0,7489;5;3;3;O resumo menciona que a automação de testes apresenta uma redução significativa no tempo de execução, mas não especifica os percentuais de ganho, que são relevantes no artigo original. | O resumo afirma que a automação se torna mais eficiente em cenários com múltiplos ambientes e repetições de testes, mas não menciona que em uma amostra específica o teste manual foi 46% mais eficiente em termos de tempo de execução. | O resumo sugere que a automação melhora a qualidade do software, mas não detalha que isso se relaciona com a redução de falhas em produção, que é uma conclusão mais específica do artigo.;1;abordando a crescente necessidade de qualidade e agilidade no desenvolvimento de software.;1;O objetivo é avaliar a eficiência da técnica Behavior-Driven Development (BDD) em conjunto com ferramentas como Cucumber-JVM, Selenium WebDriver e JUnit, visando a automação de testes e a redução de falhas em produção.;1;O método utilizado envolveu a execução de testes em uma aplicação chamada 'Empresa', que realiza cadastros de clientes, recibos e serviços, com a comparação do tempo de execução entre as abordagens manual e automatizada em diferentes cenários.;1;os resultados indicaram que, embora a automação exija um investimento inicial maior em tempo para a implementação dos scripts, ela se torna mais eficiente em cenários com múltiplos ambientes e repetições de testes, apresentando uma redução significativa no tempo de execução.;1;A contribuição deste trabalho reside na identificação de benefícios da automação de testes, como a melhoria na qualidade do software e a facilitação da colaboração entre os membros da equipe, além de lições aprendidas que podem ser aplicadas em projetos futuros.
15297-1550-12039-1-10-20210524.txt;multi_agent;0,2726;0,1079;0,1689;0,6928;0,7566;0,7233;5;3;3;A pesquisa propõe a implementação da técnica de Behavior-Driven Development (BDD) em conjunto com ferramentas de automação de testes, como Cucumber-JVM e Selenium WebDriver, visando otimizar o tempo e o esforço despendido na execução de testes, além de promover uma maior colaboração entre os membros da equipe. | A metodologia utilizada foi um estudo de caso aplicado a um software web destinado à geração de conteúdo educacional à distância, onde uma equipe composta por sete desenvolvedores e um testador foi responsável pela execução do projeto. | Os resultados demonstraram uma significativa redução no esforço de testes, com uma diminuição de até 87% no tempo necessário para a execução dos cenários, permitindo que os analistas de testes se concentrassem em cenários mais elaborados e fora do fluxo principal.;1;a problemática da alta carga de trabalho e da responsabilidade excessiva atribuída aos analistas de testes na execução de testes manuais;1;A pesquisa propõe a implementação da técnica de Behavior-Driven Development (BDD) em conjunto com ferramentas de automação de testes;1;A metodologia utilizada foi um estudo de caso aplicado a um software web destinado à geração de conteúdo educacional à distância;1;Os resultados demonstraram uma significativa redução no esforço de testes, com uma diminuição de até 87% no tempo necessário para a execução dos cenários;1;As contribuições empíricas do estudo incluem a facilitação da comunicação entre os envolvidos no projeto, a rastreabilidade entre a linguagem natural e a programação
15297-1550-12039-1-10-20210524.txt;reflection_agent;0,3562;0,1321;0,2313;0,7285;0,7798;0,7533;5;3;2;O resumo menciona a redução de até 87% no esforço necessário para realizar testes, mas não especifica que isso se refere a um conjunto de 81 cenários de testes com 2.734 passos, o que é uma informação importante do artigo original. | O resumo afirma que a colaboração entre os membros da equipe melhorou, mas não detalha que isso se deu pela mudança de responsabilidade do analista de testes e desenvolvedores, o que é um ponto central do artigo.;1;alta carga de trabalho na execução de testes manuais e a sobrecarga dos analistas de testes em projetos de desenvolvimento de software;1;apresentar uma abordagem que utiliza a técnica de Behavior-Driven Development (BDD) em conjunto com ferramentas de automação;1;especificação de cenários de testes em linguagem natural, seguida pela automação desses testes;1;redução de até 87% no esforço necessário para realizar testes;1;facilitação da manutenção dos testes e na promoção de uma cultura de qualidade colaborativa
15297-1550-12039-1-10-20210524.txt;single_agent;0,3823;0,1512;0,2253;0,7341;0,7761;0,7545;5;3;3;O resumo menciona a redução de até 87% no esforço necessário para a execução de testes, mas não especifica que isso se refere a um conjunto de 81 cenários de testes com 2.734 passos, o que é uma informação importante do artigo original. | O resumo sugere que a melhoria na comunicação e na responsabilidade compartilhada pela qualidade do software é uma contribuição central, mas não menciona que isso se deve à especificação dos cenários pelo analista de testes e à implementação pelos desenvolvedores, o que é um detalhe importante. | O resumo afirma que a contribuição do estudo reside na facilitação da manutenção dos testes, mas não menciona a rastreabilidade entre a linguagem natural e a linguagem de programação, que é um ponto central do artigo.;1;alta carga de trabalho e custos associados à execução de testes manuais em projetos de desenvolvimento de software;1;apresentar uma abordagem que utilize a técnica de Behavior-Driven Development (BDD);1;especificação de cenários de testes em linguagem natural;1;redução de até 87% no esforço necessário para a execução de testes;1;facilitação da manutenção dos testes e na promoção de uma cultura de qualidade coletiva
15438-1550-12183-1-10-20210531.txt;multi_agent;0,3653;0,1446;0,2036;0,6869;0,7404;0,7127;5;3;2;O resumo menciona que a automação dos testes garantiu a cobertura de 100% dos requisitos funcionais e não-funcionais do sistema, mas o artigo original apenas afirma que a execução de testes deveria cobrir 100% dos requisitos, sem garantir que isso foi alcançado. | O resumo sugere que a comunicação entre a equipe de desenvolvimento e o testador foi sempre rápida e eficaz, mas o artigo original não faz essa afirmação de forma categórica.;1;mesmo com recursos limitados e sem a utilização de ferramentas proprietárias, é viável implementar um processo de automação de testes que assegure um nível mínimo de qualidade no software desenvolvido.;1;O artigo apresenta uma experiência prática na automação do processo de testes em um ambiente de desenvolvimento ágil utilizando a metodologia Scrum.;1;A automação dos testes foi implementada com ferramentas open source, como Selenium para testes funcionais e TestLink para gerenciamento de casos de teste.;1;Os resultados da experiência mostraram que, mesmo com recursos limitados e sem a utilização de ferramentas proprietárias, é viável implementar um processo de automação de testes.;1;A prática contribuiu para a melhoria contínua dos processos de teste em ambientes ágeis, evidenciando a importância da automação em contextos onde a documentação é minimizada e a comunicação entre as equipes é intensificada.
15438-1550-12183-1-10-20210531.txt;reflection_agent;0,3294;0,0769;0,1941;0,6826;0,7307;0,7058;5;3;2;Os resultados mostraram que a automação permitiu cobrir 100% dos requisitos funcionais e não-funcionais | identificar 65% dos defeitos da aplicação durante os testes automatizados;1;o problema abordado é a dificuldade de garantir a qualidade do software em projetos ágeis;1;O objetivo do estudo é demonstrar que é possível assegurar um nível mínimo de qualidade em projetos de software com recursos limitados;1;Foi adotada a automação de testes funcionais, utilizando a abordagem rec-and-play com a ferramenta Selenium;1;os resultados mostraram que a automação permitiu cobrir 100% dos requisitos funcionais e não-funcionais;1;A contribuição do trabalho reside na validação da automação de testes como uma prática viável e eficaz em ambientes ágeis
15438-1550-12183-1-10-20210531.txt;single_agent;0,346;0,0826;0,1994;0,6846;0,7342;0,7085;5;3;2;A execução do processo de teste foi integrada ao ciclo de desenvolvimento ágil, permitindo a cobertura de 100% dos requisitos funcionais e não-funcionais. | Os resultados mostraram que a automação aumentou a segurança da equipe em relação aos testes, permitindo a identificação de 65% dos defeitos da aplicação durante os testes automatizados.;1;O problema abordado é a dificuldade de garantir a qualidade do software em projetos que utilizam testes manuais, que podem comprometer o andamento do desenvolvimento.;1;O objetivo é demonstrar que é possível assegurar um nível mínimo de qualidade em projetos de software com recursos limitados e sem custos adicionais com ferramentas proprietárias.;1;O método utilizado envolveu a automação de testes funcionais, com a escolha de ferramentas adequadas ao contexto do projeto, como Selenium para testes de interface e TestLink para gerenciamento de casos de teste.;1;Os resultados mostraram que a automação aumentou a segurança da equipe em relação aos testes, permitindo a identificação de 65% dos defeitos da aplicação durante os testes automatizados.;1;A contribuição do artigo reside na demonstração de que a automação de testes pode ser viável e eficaz em ambientes ágeis, mesmo com recursos limitados.
15441-1550-12186-1-10-20210531.txt;multi_agent;0,0386;0,0048;0,0337;0,6399;0,6957;0,6667;5;5;0;;1;as empresas enfrentam desafios significativos na geração de novas versões de software que atendam a requisitos específicos de operadoras e regiões;1;o estudo apresenta duas ferramentas: FlexCA e Auto Sanity, que visam automatizar e agilizar o processo de manutenção adaptativa;1;A metodologia adotada consistiu na aplicação das ferramentas em um plano de testes elaborado e executado em uma empresa fabricante de celulares;1;Os resultados demonstraram ganhos significativos após a adoção das ferramentas. O tempo de execução do processo de CA foi reduzido de 60 minutos para 15 minutos;1;esses resultados evidenciam a eficácia das ferramentas na melhoria da qualidade do software produzido
15441-1550-12186-1-10-20210531.txt;reflection_agent;0,0576;0,0072;0,0504;0,6673;0,7125;0,6892;5;3;2;A redução de 75% no tempo de execução do processo de manutenção adaptativa é mencionada, mas não está claro se essa porcentagem se aplica a todas as tecnologias ou apenas a uma específica, o que pode distorcer a interpretação dos resultados. | A afirmação de que a eliminação de erros humanos foi de cinco erros por versão não é suportada diretamente pelo texto original, que menciona que o número de erros reportados caiu para zero, mas não fornece uma média anterior específica para todas as tecnologias.;1;destacando a necessidade de melhorias na qualidade e produtividade do processo de desenvolvimento de software.;1;O objetivo é apresentar e avaliar duas ferramentas, FlexCA e Auto Sanity, que automatizam a manutenção adaptativa e os testes funcionais, respectivamente.;1;As ferramentas foram testadas em um projeto de parceria entre uma empresa fabricante de celulares e a Universidade Federal do Ceará, utilizando nove modelos de aparelhos de três tecnologias distintas.;1;Os resultados demonstraram uma redução de 75% no tempo de execução do processo de manutenção adaptativa, com o tempo de geração de versões reduzido de 60 minutos para cerca de 15 minutos, e a eliminação de erros humanos, que antes eram em média cinco erros por versão.;1;A contribuição deste trabalho reside na evidência de que as ferramentas propostas melhoram a qualidade do software e a eficiência do processo de desenvolvimento, além de sugerir direções para futuras melhorias nas ferramentas.
15441-1550-12186-1-10-20210531.txt;single_agent;0,0389;0,0078;0,0389;0,6757;0,7159;0,6952;5;3;3;O resumo menciona uma redução de até 75% no tempo de execução do processo de manutenção adaptativa, mas não especifica que isso se refere a uma tecnologia específica, o que pode dar a entender que se aplica a todas as tecnologias testadas. | O resumo afirma que houve eliminação de erros humanos, mas não menciona que isso se refere a um contexto específico (após a adoção das ferramentas), o que pode ser interpretado como uma generalização. | O resumo sugere que as ferramentas foram testadas em um projeto de parceria, mas não menciona que o tempo de criação dos scripts iniciais não foi considerado na avaliação, o que pode distorcer a percepção da eficácia das ferramentas.;1;destacando a necessidade de melhorias na qualidade e produtividade do processo de desenvolvimento de software.;1;O objetivo é apresentar e avaliar duas ferramentas, FlexCA e Auto Sanity, que auxiliam na manutenção adaptativa e na automação de testes, respectivamente.;1;O método utilizado envolveu a aplicação dessas ferramentas em um projeto de parceria entre uma empresa fabricante de celulares e a Universidade Federal do Ceará, onde foram testadas em nove modelos de aparelhos de três tecnologias distintas.;1;Os resultados mostraram uma redução significativa no tempo de execução do processo de manutenção adaptativa, com ganhos de até 75% e eliminação de erros humanos.;1;A contribuição do trabalho reside na demonstração da eficácia das ferramentas na melhoria da qualidade dos sistemas desenvolvidos, além de sugerir direções para futuras melhorias nas ferramentas.
158-Article Text-453-1-10-20160906.txt;multi_agent;0,256;0,113;0,1604;0,7044;0,7659;0,7339;5;5;0;;1;a crescente necessidade de assegurar a qualidade de softwares móveis em um mercado competitivo, onde a insatisfação do usuário pode resultar na perda de clientes.;1;O estudo investiga a eficiência da execução de testes automatizados em paralelo em um ambiente de nuvem, uma abordagem que não é viável com testes manuais.;1;A metodologia utilizada caracteriza-se como uma pesquisa aplicada, com dados qualitativos, dividida em etapas sequenciais.;1;os testes automatizados, quando executados em paralelo, demonstram uma eficiência significativa, reduzindo o tempo total de execução em cerca de 45,86% em comparação aos testes manuais.;1;As contribuições empíricas do estudo incluem a validação da automação de testes como uma solução escalável e eficiente.
158-Article Text-453-1-10-20160906.txt;reflection_agent;0,3951;0,1615;0,2346;0,7371;0,7786;0,7573;5;5;0;;1;O aumento do uso de aplicativos móveis e a fragmentação da plataforma Android geram desafios significativos na garantia da qualidade de software, especialmente em relação à eficiência e custo dos testes.;1;Este artigo tem como objetivo comparar a eficácia de testes manuais e automatizados em um ambiente de nuvem, buscando responder se é possível executar testes automatizados em paralelo e qual a eficiência desses testes em comparação aos manuais.;1;A metodologia adotada incluiu a definição de cinco cenários de teste para uma aplicação de finanças, a configuração de um ambiente de testes em nuvem utilizando cinco emuladores Android e a execução de ambos os tipos de testes.;1;Os resultados mostraram que, embora os testes manuais apresentassem um tempo total de execução médio de 394 segundos, os testes automatizados, quando realizados em paralelo, reduziram o tempo total de execução para cerca de 180 segundos, representando uma eficiência de pelo menos 45,86%.;1;A contribuição deste estudo reside na evidência de que a automação de testes, especialmente em um ambiente de nuvem, pode ser uma solução viável para enfrentar os desafios da qualidade em aplicativos móveis, permitindo uma maior escalabilidade e eficiência nos processos de teste.
158-Article Text-453-1-10-20160906.txt;single_agent;0,4198;0,1701;0,2274;0,7265;0,7715;0,7483;5;5;0;;1;a plataforma Android, que apresenta alta fragmentação.;1;O objetivo é investigar a viabilidade da execução de testes automatizados em paralelo em um ambiente de nuvem.;1;A metodologia adotada consiste em uma pesquisa aplicada, com a definição de uma aplicação de finanças e a elaboração de cinco cenários de teste.;1;os testes manuais apresentem um tempo de execução total menor (394 segundos) em comparação aos automatizados (766 segundos);1;A contribuição deste trabalho reside na evidência de que a automação de testes, mesmo com um tempo de execução maior, pode ser mais eficiente em cenários que exigem múltiplas execuções.
16179-1550-12890-1-10-20210713.txt;multi_agent;0,2481;0,1019;0,1525;0,673;0,7313;0,701;5;3;2;A pesquisa aponta a necessidade de uma análise cuidadosa das reais necessidades de teste de uma organização para determinar o nível adequado de automação, seja manual, automatizada ou híbrida, e como isso impacta a qualidade do produto final. | A metodologia utilizada no estudo é descritiva e analítica, baseada na experiência do Instituto Atlântico, onde a automação de testes foi implementada em um projeto piloto e, posteriormente, avaliada em outros projetos da organização.;1;a complexidade e a ineficácia da automação de testes funcionais em projetos de desenvolvimento de software;1;A pesquisa aponta a necessidade de uma análise cuidadosa das reais necessidades de teste de uma organização para determinar o nível adequado de automação;1;A metodologia utilizada no estudo é descritiva e analítica, baseada na experiência do Instituto Atlântico;1;Os resultados significativos sobre a aplicabilidade da automação de testes funcionais no Instituto Atlântico revelaram que a automação pode gerar ganhos em termos de esforço e qualidade;1;As contribuições do estudo incluem a definição de uma estratégia estruturada para a automação de testes
16179-1550-12890-1-10-20210713.txt;reflection_agent;0,3721;0,161;0,1912;0,6941;0,7334;0,7132;5;3;3;A pesquisa envolveu a coleta de dados sobre o tempo despendido em atividades de codificação e execução de testes, categorizando os casos de uso por complexidade (simples, intermediário e complexo). | Os resultados demonstraram que a automação de testes gerou ganhos significativos em termos de redução de esforço, especialmente em casos de uso de complexidade intermediária. | A análise revelou que, após três iterações de testes, o esforço despendido em testes manuais superou o dos automatizados.;1;a crescente demanda por qualidade no desenvolvimento de software;1;analisar a aplicabilidade da automação de testes funcionais em projetos de desenvolvimento de software no Instituto Atlântico;1;Foi adotada uma metodologia que inclui a implementação de testes automatizados em um projeto piloto;1;os resultados demonstraram que a automação de testes gerou ganhos significativos em termos de redução de esforço;1;a contribuição do estudo reside na apresentação de uma abordagem estruturada para a automação de testes
16179-1550-12890-1-10-20210713.txt;single_agent;0,4593;0,1343;0,2;0,724;0,7311;0,7275;5;3;2;O resumo menciona que a automação gera ganhos significativos em termos de esforço, especialmente em casos de uso de complexidade intermediária, mas não especifica que isso foi observado apenas após o terceiro ciclo de teste, conforme o artigo original. | O resumo sugere que a execução híbrida de testes pode ser mais eficiente em determinados contextos, mas não menciona que isso se aplica quando não se realiza codificação de scripts nas últimas iterações de um projeto, conforme o artigo original.;1;a crescente demanda por qualidade no desenvolvimento de software.;1;O objetivo é analisar a eficácia da automação em comparação aos testes manuais, considerando a complexidade dos casos de uso.;1;O método utilizado inclui a implementação de uma estratégia de automação em um projeto piloto, seguido de uma análise comparativa entre os esforços despendidos em testes manuais e automatizados.;1;Os resultados indicam que a automação gera ganhos significativos em termos de esforço, especialmente em casos de uso de complexidade intermediária.;1;A contribuição do estudo reside na apresentação de uma abordagem estruturada para a escolha da forma de teste mais eficiente, visando a melhoria da qualidade do software entregue.
17292-1189-13883-1-10-20210924.txt;multi_agent;0,3839;0,182;0,2184;0,7213;0,7073;0,7142;5;3;3;A pesquisa busca entender como essas ferramentas influenciam a qualidade dos testes gerados, especialmente em relação à presença de test smells. | A lacuna científica identificada é a falta de investigações empíricas que correlacionem a qualidade dos testes gerados automaticamente com a presença de test smells. | O dataset final gerou 5.445 linhas, correspondendo a 4.542.303 linhas de código de teste.;1;a problemática da baixa qualidade dos códigos de teste de software, que pode ser agravada pela presença de 'test smells';1;a pesquisa busca entender como essas ferramentas influenciam a qualidade dos testes gerados;1;A metodologia do estudo é composta por dois estudos empíricos.;1;A pesquisa revelou que a presença de test smells compromete a qualidade dos códigos de teste;1;A principal contribuição do trabalho foi o desenvolvimento da ferramenta JNose Test
17292-1189-13883-1-10-20210924.txt;reflection_agent;0,5079;0,2257;0,2337;0,749;0,7068;0,7273;5;3;3;O resumo menciona que foram analisados 21 tipos de test smells e 10 métricas de cobertura de código, mas não especifica que a análise foi feita em dois estudos distintos, o que pode dar a entender que foi uma única análise. | O resumo afirma que os testes gerados automaticamente apresentaram uma quantidade significativamente maior de test smells em comparação aos testes existentes, mas não menciona que a comparação foi feita entre Randoop e Evosuite especificamente, o que é uma parte importante da conclusão. | O resumo sugere que a JNose Test foi desenvolvida apenas para detectar test smells e calcular métricas de qualidade, mas não menciona que a ferramenta também foi utilizada para analisar a qualidade dos testes existentes, o que é um aspecto relevante do estudo.;1;o problema da baixa qualidade em projetos de software, que pode ser exacerbado pela presença de 'test smells';1;O objetivo da pesquisa é avaliar a qualidade dos códigos de teste gerados automaticamente, considerando a influência dos test smells.;1;Foram realizados dois estudos empíricos: o primeiro analisou a correlação entre 21 tipos de test smells e 10 métricas de cobertura de código, enquanto o segundo comparou a qualidade dos testes gerados pelas ferramentas Randoop e EvoSuite com testes pré-existentes em 21 projetos open source.;1;Os resultados indicaram que os testes gerados automaticamente apresentaram uma quantidade significativamente maior de test smells em comparação aos testes existentes, sugerindo uma qualidade inferior.;1;A contribuição principal do estudo reside no desenvolvimento da JNose Test e na evidência empírica sobre a relação entre a qualidade dos testes e a presença de test smells.
17292-1189-13883-1-10-20210924.txt;single_agent;0,5204;0,2227;0,2489;0,7567;0,7067;0,7308;5;3;2;A maioria dos testes analisados continha test smells | Os testes gerados pela Randoop apresentaram uma quantidade significativamente maior de test smells em comparação aos gerados pela EvoSuite e aos testes existentes;1;test smells, que são más práticas no design de testes que podem comprometer a qualidade do software.;1;investigar como os geradores de teste influenciam a qualidade dos testes de unidade, considerando a difusão de test smells.;1;Foram realizados dois estudos empíricos: o primeiro analisou a correlação entre test smells e métricas de cobertura de código, enquanto o segundo avaliou a qualidade dos códigos de teste gerados automaticamente por ferramentas como Randoop e EvoSuite.;1;os resultados indicaram que a maioria dos testes analisados continha test smells, e que os testes gerados pela Randoop apresentaram uma quantidade significativamente maior de test smells em comparação aos gerados pela EvoSuite e aos testes existentes.;1;A contribuição principal do estudo é a criação da ferramenta JNose Test, que detecta test smells e fornece métricas de qualidade.
225-Article Text-699-1-10-20170909.txt;multi_agent;0,3392;0,1681;0,2467;0,6951;0,7749;0,7328;5;5;0;;1;motivada pela crescente complexidade dos sistemas computacionais e pela necessidade de garantir a entrega de produtos confiáveis em ambientes de Software as a Service (SaaS);1;com o objetivo de reduzir o retrabalho e o tempo de execução dos testes, melhorando a qualidade do produto final;1;A metodologia adotada incluiu métodos dedutivo, quali-quantitativo e realismo crítico, além de procedimentos como estudo de caso e pesquisa exploratória;1;observou-se uma diminuição de até 90% no tempo necessário para a realização dos testes nos módulos NF-e e CT-e;1;As contribuições empíricas do trabalho incluem a validação da eficácia da automatização de testes em um contexto prático
225-Article Text-699-1-10-20170909.txt;reflection_agent;0,435;0,2187;0,2812;0,7234;0,8007;0,7601;5;5;0;;1;a necessidade de automatização de testes em sistemas de Software as a Service (SaaS), especificamente em uma plataforma de soluções fiscais, devido à crescente complexidade dos sistemas e à demanda por qualidade.;1;O objetivo do estudo foi investigar a aplicação da ferramenta JMeter para automatizar testes funcionais no envio de documentos via web service, visando reduzir o retrabalho e o tempo de execução dos testes, além de melhorar a qualidade do produto.;1;A metodologia adotada incluiu uma abordagem dedutiva, quali-quantitativa e realismo crítico, utilizando estudo de caso e pesquisa exploratória para identificar gaps e melhorias no processo de testes.;1;Os resultados mostraram uma significativa redução no tempo de execução dos testes: os testes manuais para os módulos NF-e e CT-e levaram 4 horas e 40 minutos e 3 horas e 10 minutos, respectivamente, enquanto os testes automatizados com JMeter levaram apenas 30 minutos e 21 minutos.;1;A contribuição deste trabalho reside na validação da utilização do JMeter para testes funcionais, propondo um modelo que pode ser replicado em outros módulos fiscais e sistemas, além de destacar a importância da automatização para garantir a qualidade e a confiabilidade dos serviços oferecidos.
225-Article Text-699-1-10-20170909.txt;single_agent;0,3894;0,2271;0,2933;0,6969;0,7739;0,7334;5;5;0;;1;a crescente complexidade dos sistemas computacionais e a necessidade de garantir a qualidade do software;1;O objetivo do estudo foi investigar a automatização de testes funcionais no envio de documentos via integração web service;1;A metodologia incluiu métodos dedutivo, quali-quantitativo e realismo crítico, além de procedimentos como estudo de caso e pesquisa exploratória;1;Os resultados mostraram uma significativa redução no tempo de execução dos testes: o teste manual do módulo NF-e levou 4 horas e 40 minutos, enquanto o automatizado levou apenas 30 minutos;1;evidenciando a contribuição da automatização para a eficiência da equipe de qualidade
27294-853-22364-1-10-20240125.txt;multi_agent;0,3542;0,1289;0,1875;0,733;0,7865;0,7588;5;3;2;A metodologia é estruturada em um fluxograma que abrange cinco etapas sequenciais | As ferramentas utilizadas incluem o MobSF para análise estática e o Android Debug Bridge (adb) para interações com o dispositivo Android em um ambiente virtualizado;1;O artigo aborda a crescente vulnerabilidade das aplicações móveis, especialmente na plataforma Android, que pode comprometer a segurança dos usuários e dos dados.;1;Para preencher essa lacuna, o artigo propõe uma metodologia que integra as áreas de testes de software e segurança, apresentando uma abordagem didática e padronizada para a condução de testes de segurança em aplicações Android.;1;A metodologia é estruturada em um fluxograma que abrange cinco etapas sequenciais: 1) Análise inicial dos requisitos, 2) Especificação dos procedimentos de teste, 3) Execução dos testes, 4) Análise dos resultados, e 5) Indicações de boas práticas.;1;Os resultados da aplicação dessa metodologia em cinco aplicativos Android revelaram a presença de vulnerabilidades críticas, como o uso inadequado da plataforma, armazenamento de dados inseguro e comunicação insegura.;1;As contribuições empíricas incluem a formalização de procedimentos de teste que permitem a verificação sistemática das vulnerabilidades listadas no OWASP Mobile Top 10, além de recomendações práticas para mitigar os problemas encontrados.
27294-853-22364-1-10-20240125.txt;reflection_agent;0,3989;0,1433;0,1937;0,6794;0,7022;0,6906;5;3;2;O resumo menciona que a metodologia proposta é estruturada em cinco etapas, mas o artigo original descreve que são seis procedimentos de teste, não cinco. | O resumo afirma que os testes foram aplicados em cinco aplicativos, mas o artigo original menciona que foram utilizados cinco aplicativos no formato APK para a realização dos experimentos, sem especificar que foram apenas cinco.;1;a segurança uma preocupação crítica, uma vez que vulnerabilidades podem impactar usuários globalmente.;1;apresentar uma metodologia padronizada para a realização de testes de segurança em aplicações Android;1;A metodologia proposta é estruturada em cinco etapas: análise inicial dos requisitos, especificação dos procedimentos de teste, execução dos testes, análise dos resultados e indicações de boas práticas.;1;resultando na identificação de vulnerabilidades significativas, como uso inadequado da plataforma, armazenamento de dados inseguros e comunicação insegura.;1;A contribuição deste estudo reside na formalização de uma abordagem que integra as áreas de testes de software e segurança
27294-853-22364-1-10-20240125.txt;single_agent;0,4019;0,1502;0,1916;0,6786;0,715;0,6963;5;5;0;;1;a crescente necessidade de testes de segurança em aplicações móveis, especialmente no contexto do sistema operacional Android, que possui uma vasta gama de aplicativos suscetíveis a vulnerabilidades.;1;O objetivo do trabalho é apresentar uma metodologia de testes de segurança que seja acessível tanto para profissionais de segurança quanto para testadores de software.;1;A metodologia proposta é estruturada em cinco etapas: análise inicial dos requisitos, especificação dos procedimentos de teste, execução dos testes, análise dos resultados e indicações de boas práticas.;1;Os resultados demonstraram a presença de vulnerabilidades significativas, como uso inadequado da plataforma, armazenamento de dados inseguro e comunicação insegura.;1;A contribuição do artigo reside na formalização de uma abordagem que integra as áreas de testes de software e segurança, proporcionando um formato padronizado que facilita a compreensão e a execução dos testes de segurança.
30122-853-24563-1-10-20240904.txt;multi_agent;0,4409;0,1741;0,21;0,7119;0,7596;0,735;5;5;0;;1;a crescente demanda por segurança em ciclos ágeis de desenvolvimento;1;avaliou o desempenho do HuskyCI em 15.817 testes executados em 551 repositórios;1;A metodologia adotada incluiu a implementação e avaliação do HuskyCI, com foco na sua arquitetura e desempenho, utilizando o método Interquartile Range (IQR);1;a ferramenta proporciona um tempo médio de execução de 34,8 segundos por teste, com um tempo máximo de 120,8 segundos;1;a contribuição empírica do estudo reside na validação de que o HuskyCI permite um feedback rápido sobre a segurança do código, sem comprometer a agilidade do desenvolvimento
30122-853-24563-1-10-20240904.txt;reflection_agent;0,4863;0,2018;0,2614;0,7321;0,7667;0,749;5;3;3;O resumo menciona que o HuskyCI foi desenvolvido para resolver a insatisfação com a lentidão das ferramentas de análise de segurança, mas o artigo original não afirma isso explicitamente como um problema abordado. | O resumo afirma que o método utilizado envolve a integração de ferramentas de análise estática de código (SAST) e análise de composição de software (SCA), mas não menciona que essas ferramentas são orquestradas em um ambiente escalável baseado em contêineres, o que pode ser interpretado como uma simplificação do método. | O resumo diz que o HuskyCI fornece feedback imediato aos desenvolvedores, mas o artigo original não usa essa expressão específica, o que pode levar a uma interpretação errônea sobre a rapidez do feedback.;1;o problema abordado é a insatisfação com a lentidão das ferramentas de análise de segurança, que compromete a agilidade dos ciclos de desenvolvimento.;1;O objetivo do HuskyCI é fornecer uma solução que permita a execução rápida de testes de segurança, garantindo feedback imediato aos desenvolvedores.;1;O método utilizado envolve a integração de ferramentas de análise estática de código (SAST) e análise de composição de software (SCA), orquestradas em um ambiente escalável baseado em contêineres.;1;os resultados da avaliação de desempenho indicam que o tempo médio de execução dos testes é de 34,8 segundos, com um tempo máximo de 120,8 segundos, e uma redução de 11% na amostra após a eliminação de outliers.;1;A contribuição do HuskyCI reside na sua capacidade de melhorar a segurança do software sem comprometer a eficiência do desenvolvimento ágil, promovendo um ciclo de feedback contínuo e rápido.
30122-853-24563-1-10-20240904.txt;single_agent;0,4862;0,2389;0,2818;0,7569;0,7835;0,77;5;3;2;O resumo menciona que o HuskyCI visa atender às necessidades de desenvolvimento ágil e seguro, mas não há uma afirmação direta no artigo original que indique que o HuskyCI foi especificamente projetado com esse objetivo em mente. | O resumo afirma que o problema abordado é a insatisfação com a lentidão das ferramentas de análise de segurança, mas o artigo original não menciona explicitamente que essa é a única motivação para o desenvolvimento do HuskyCI.;1;O problema abordado é a insatisfação com a lentidão das ferramentas de análise de segurança, que impacta negativamente os ciclos ágeis de entrega de software.;1;O objetivo do HuskyCI é fornecer um feedback rápido sobre a segurança do código, minimizando o impacto no tempo de execução das pipelines.;1;O método utilizado envolve a integração do HuskyCI com diversas ferramentas de análise estática de código (SAST) e análise de composição de software (SCA), permitindo a execução de testes de segurança em múltiplas linguagens de programação.;1;Os resultados da avaliação de desempenho indicam que o tempo médio de execução dos testes é de 34,8 segundos, com um tempo máximo de 120,8 segundos, demonstrando que a ferramenta permite um feedback ágil sem comprometer o ciclo de desenvolvimento.;1;A contribuição do HuskyCI reside na sua capacidade de integrar e orquestrar testes de segurança de forma eficiente, promovendo a segurança no desenvolvimento de software na empresa Globo.
31858-1310-26107-1-10-20241203.txt;multi_agent;0,3786;0,2111;0,195;0,7231;0,8;0,7596;5;3;2;A metodologia adotada incluiu a realização de uma Prova de Conceito (PoC) para validar a viabilidade técnica da migração, que foi realizada em várias etapas, desde a configuração inicial do ambiente até a adaptação da arquitetura existente para atender aos novos requisitos de segurança e eficiência. | O estudo também destacou os desafios técnicos enfrentados durante a integração das ferramentas em uma rede bancária altamente segura, enfatizando a necessidade de medidas rigorosas de segurança e a configuração de emuladores Android® para operar dentro das restrições da rede.;1;abordou a necessidade crítica de garantir a qualidade e a segurança das aplicações financeiras.;1;A implementação de uma arquitetura de testes automatizados para aplicações mobile em um banco público.;1;A metodologia adotada incluiu a realização de uma Prova de Conceito (PoC) para validar a viabilidade técnica da migração.;1;Os resultados da implementação mostraram melhorias significativas: houve uma redução média de 40% no tempo total de execução das suítes de testes.;1;Este estudo contribui para a literatura sobre automação de testes em contextos críticos.
31858-1310-26107-1-10-20241203.txt;reflection_agent;0,5431;0,2637;0,2684;0,7574;0,8075;0,7816;5;3;2;Aumento de 25% na cobertura de testes | Taxa de sucesso de 98% nas execuções;1;superando as limitações da infraestrutura anterior baseada em Windows.;1;O objetivo foi otimizar a execução dos testes, aumentando a cobertura e reduzindo o tempo de feedback.;1;A metodologia incluiu a realização de uma Prova de Conceito (PoC) para validar a viabilidade técnica, seguida pela adaptação da arquitetura existente.;1;Os resultados mostraram uma redução de aproximadamente 40% no tempo de execução dos testes e um aumento de 25% na cobertura de testes, além de uma taxa de sucesso de 98% nas execuções.;1;A contribuição deste trabalho reside na demonstração de que uma abordagem estruturada e a escolha adequada de tecnologias podem melhorar significativamente a eficiência e a segurança dos testes em ambientes críticos, como o bancário.
31858-1310-26107-1-10-20241203.txt;single_agent;0,5163;0,2434;0,2745;0,7521;0,7977;0,7742;5;3;2;O resumo menciona uma taxa de sucesso de 98% nas execuções, mas o artigo original não fornece esse dado específico. | O resumo afirma que houve um aumento de 25% na cobertura de testes, mas não há menção a esse percentual no artigo original.;1;abordando a necessidade de garantir a qualidade do software em um ambiente crítico.;1;O objetivo foi superar as limitações da infraestrutura existente, que dependia de servidores Windows, migrando para uma solução baseada em servidores Linux utilizando Selenium Grid e Appium, integrando-a ao Jenkins para automação contínua.;1;O método incluiu a realização de uma Prova de Conceito (PoC) para validar a viabilidade técnica, seguida pela adaptação da arquitetura para suportar os novos requisitos.;1;Os resultados mostraram uma redução de aproximadamente 40% no tempo de execução dos testes, aumento de 25% na cobertura de testes e uma taxa de sucesso de 98% nas execuções.;1;A contribuição principal do estudo reside na demonstração de que uma abordagem estruturada e decisões de projeto adequadas podem superar desafios técnicos significativos, resultando em uma solução de automação de testes mais eficiente e segura em um ambiente bancário.
3229345.3229356.txt;multi_agent;0,0379;0,0;0,0379;0,6233;0,6685;0,6451;5;4;1;A metodologia adotada é qualitativa e descritiva, focando na documentação das atividades, desafios e soluções implementadas.;1;destacando a necessidade de reduzir os altos custos associados aos testes manuais.;1;O artigo 'Automação de Testes em uma Fábrica de Testes: Um Relato de Experiência' aborda a implementação e manutenção da automação de testes de software.;1;A metodologia adotada é qualitativa e descritiva, focando na documentação das atividades, desafios e soluções implementadas.;1;os resultados mostram que foi possível automatizar 98,1% dos casos de teste do Software A e 84,33% do Software B.;1;Essas contribuições preenchem uma lacuna na literatura sobre automação de testes em Fábricas de Testes.
3229345.3229356.txt;reflection_agent;0,0548;0,0;0,0479;0,6605;0,7142;0,6863;5;2;3;O teste de software é uma atividade crucial no desenvolvimento, representando de 40% a 60% dos custos de um projeto. | Os resultados mostraram que, embora a automação inicial tenha demandado um esforço significativo de 594 homens-horas para o Software A e 86 homens-horas para o Software B. | Houve uma redução considerável no tempo de execução dos testes, passando de 18 horas para cerca de 5 horas no Software A e de 2 horas para 29 minutos no Software B.;1;O teste de software é uma atividade crucial no desenvolvimento, representando de 40% a 60% dos custos de um projeto.;1;Este artigo aborda a automação de testes em uma Fábrica de Testes, descrevendo a experiência adquirida na automação de testes de dois softwares, identificando desafios, soluções e lições aprendidas.;1;A metodologia utilizada incluiu a implementação de testes automatizados com a linguagem Java e ferramentas como Selenium e JUnit.;1;os resultados mostraram que, embora a automação inicial tenha demandado um esforço significativo de 594 homens-horas para o Software A e 86 homens-horas para o Software B, houve uma redução considerável no tempo de execução dos testes, passando de 18 horas para cerca de 5 horas no Software A e de 2 horas para 29 minutos no Software B.;1;As contribuições deste trabalho incluem um processo estruturado para automação de testes e cinco lições aprendidas que podem beneficiar tanto a indústria quanto a academia, além de direcionar futuras pesquisas na área.
3229345.3229356.txt;single_agent;0,0504;0,0;0,0392;0,6536;0,699;0,6755;5;4;1;O problema central é o alto custo associado à execução de testes manuais, que pode representar até 60% do valor total de um projeto.;1;O problema central é o alto custo associado à execução de testes manuais, que pode representar até 60% do valor total de um projeto.;1;O objetivo do estudo é descrever a experiência na automação de testes de dois softwares, identificando os desafios enfrentados e as lições aprendidas.;1;O método utilizado envolveu a automação de testes de dois sistemas web, referenciados como Software A e Software B, utilizando ferramentas como Selenium e JUnit.;1;Os resultados mostraram que, embora a automação tenha reduzido significativamente o tempo de execução dos testes, a taxa de sucesso inicial foi baixa, exigindo ajustes e correções.;1;A contribuição do artigo reside na apresentação de um processo de automação de testes e na identificação de lições aprendidas, que podem ser úteis para profissionais da indústria e academia.
36890-1418-29986-1-10-20250909.txt;multi_agent;0,4505;0,1442;0,1821;0,7119;0,7404;0,7259;5;3;2;A taxa de sucesso das tarefas se manteve em 100% durante a exaustão de CPU e latência de rede, mas não menciona que isso também ocorreu durante a exaustão de memória, onde a taxa de sucesso caiu para cerca de 77.4%. | O resumo afirma que a exaustão de memória foi identificada como a falha mais impactante, mas não menciona que a perda de tarefas ocorreu devido a erros de terminação de workers, o que é uma informação central.;1;a lacuna na falta de ferramentas nativas para testes de resiliência no Celery, o que dificulta a avaliação de seu comportamento sob condições adversas;1;investiga a resiliência e o desempenho do Celery;1;A metodologia adotada consiste em uma avaliação experimental utilizando uma arquitetura baseada em containers Docker;1;Os resultados demonstraram que o Celery apresenta um comportamento resiliente, especialmente em cenários de exaustão de CPU e latência de rede;1;As contribuições empíricas do trabalho incluem a validação da eficácia do Celery em ambientes de alta demanda
36890-1418-29986-1-10-20250909.txt;reflection_agent;0,5066;0,1416;0,2247;0,7236;0,7397;0,7315;5;3;2;O resumo afirma que o Celery manteve uma taxa de sucesso de 100% mesmo sob falhas, mas não especifica que isso se aplica apenas a algumas falhas, como falhas de rede e exaustão de CPU, enquanto a exaustão de memória resultou em uma queda na taxa de sucesso. | O resumo menciona que o estudo oferece insights sobre a confiabilidade e eficiência do Celery em ambientes de alta demanda, mas não detalha que a análise foi feita em um ambiente controlado, o que pode não refletir a complexidade de um sistema de produção real.;1;quando submetido a falhas controladas, como falhas de rede, exaustão de memória e sobrecarga de CPU.;1;O objetivo do estudo é avaliar o desempenho do Celery sob essas condições adversas, observando seu comportamento e capacidade de recuperação.;1;A metodologia experimental envolveu a simulação de falhas em um ambiente controlado, utilizando Docker Compose para orquestrar os componentes do sistema e ferramentas de monitoramento como Flower, Prometheus e Grafana para coletar métricas relevantes.;1;Os resultados mostraram que, sem configurações específicas, o Celery manteve uma taxa de sucesso de 100% mesmo sob falhas, embora o tempo de execução e o throughput tenham sido impactados.;1;Este trabalho contribui com uma análise detalhada do comportamento do Celery em situações de falha, oferecendo insights sobre sua confiabilidade e eficiência em ambientes de alta demanda.
36890-1418-29986-1-10-20250909.txt;single_agent;0,5;0,1277;0,2246;0,7352;0,7512;0,7431;5;3;2;O resumo afirma que o Celery manteve uma taxa de sucesso de 100% mesmo sob falhas de rede e exaustão de CPU, mas não menciona que isso foi observado apenas em um experimento específico e não é uma conclusão geral para todas as situações. | O resumo sugere que a exaustão de memória resultou em perda de tarefas devido a erros de terminação do worker, mas não menciona que isso foi especificamente relacionado à falta de configurações adequadas, o que é um ponto central na discussão do artigo.;1;a exaustão de memória resultou em perda de tarefas devido a erros de terminação do worker.;1;O objetivo é avaliar como essas falhas impactam a execução das tarefas e o comportamento do sistema.;1;Foi utilizada uma metodologia experimental que envolveu a simulação de condições adversas em um ambiente controlado.;1;Os resultados mostraram que, sem configurações específicas, o Celery manteve uma taxa de sucesso de 100% mesmo sob falhas de rede e exaustão de CPU.;1;A contribuição deste trabalho reside na análise detalhada do comportamento do Celery em cenários de falha.
36892-1418-29988-1-10-20250909.txt;multi_agent;0,3827;0,187;0,1864;0,735;0,7679;0,7511;5;3;3;O resumo menciona que o Zettalenium foi proposto para suprir lacunas, mas não especifica que ele foi desenvolvido especificamente para o SisNIR, o que é uma informação central no artigo original. | O resumo afirma que a automação resultou em uma significativa redução do esforço da equipe, mas não menciona que essa afirmação é baseada em uma justificativa não formal, o que é uma nuance importante do artigo original. | O resumo sugere que o Zettalenium foi adotado para atender a necessidades específicas do setor público, mas não menciona que a adoção foi em resposta a requisitos do MIDR, o que é uma informação relevante no contexto do artigo.;1;a crescente complexidade e a necessidade de qualidade nos sistemas baseados em APIs REST;1;o artigo propõe o uso do Zettalenium, um framework de testes automatizados, visando simplificar a automação de testes;1;A metodologia adotada consiste na implementação do Zettalenium, que unifica o envio de requisições, a validação de respostas e a geração de relatórios em um único fluxo;1;os resultados demonstram que a automação proporcionada pelo Zettalenium resultou em uma significativa redução do esforço da equipe;1;as contribuições do estudo indicam que o Zettalenium não apenas atende às necessidades específicas do setor público, mas também possui potencial para ser adotado em outros contextos organizacionais
36892-1418-29988-1-10-20250909.txt;reflection_agent;0,5392;0,2334;0,2696;0,7716;0,7677;0,7697;5;3;2;O resumo menciona que o Zettalenium elimina a necessidade de configurações manuais, mas o artigo original não afirma isso de forma explícita, apenas menciona que as ferramentas tradicionais apresentaram limitações nesse aspecto. | O resumo sugere que o Zettalenium garante a qualidade e a auditabilidade do sistema, mas o artigo original fala sobre a contribuição do framework para a qualidade e rastreabilidade, sem afirmar que garante esses aspectos de forma absoluta.;1;A crescente complexidade e a necessidade de qualidade em sistemas baseados em APIs REST, como o Sistema Nacional de Informações sobre Irrigação (SisNIR), apresentam desafios significativos na validação e automação de testes.;1;Este trabalho apresenta o Zettalenium, um framework de automação de testes desenvolvido para atender às demandas do SisNIR, que visa simplificar o processo de testes funcionais automatizados.;1;O método utilizado integra requisições, validações e geração de relatórios em um fluxo unificado, eliminando a necessidade de configurações manuais e promovendo a padronização.;1;Foram desenvolvidos 41 casos de teste, totalizando 78 métodos, que garantiram a qualidade e a auditabilidade do sistema, além de reduzir o esforço da equipe em comparação com abordagens manuais.;1;Este estudo valida o Zettalenium como uma solução eficaz para a automação de testes em projetos governamentais, com potencial de aplicação em outros setores que exigem rigorosos requisitos de conformidade e controle.
36892-1418-29988-1-10-20250909.txt;single_agent;0,5322;0,2294;0,269;0,7647;0,7712;0,768;5;3;3;O resumo menciona que o Zettalenium simplifica a automação de testes funcionais, mas não especifica que ele foi projetado para atender a demandas específicas do projeto SisNIR, conforme descrito no artigo original. | O resumo afirma que o método utilizado envolve a criação de casos de teste que validam desde fluxos simples até cenários complexos de integração, mas não menciona que foram desenvolvidos 41 casos de teste e 78 métodos, conforme o artigo. | O resumo sugere que a adoção do Zettalenium resultou em uma estrutura de testes mais padronizada e auditável, mas não menciona que a automação proporcionou uma redução significativa no esforço da equipe, conforme indicado no artigo.;1;a necessidade de garantir a qualidade e a confiabilidade desses sistemas em um contexto de crescente complexidade.;1;O objetivo principal é apresentar o Zettalenium, um framework desenvolvido para simplificar a automação de testes funcionais.;1;O método utilizado envolve a criação de casos de teste que validam desde fluxos simples até cenários complexos de integração.;1;Os resultados demonstram que a adoção do Zettalenium resultou em uma estrutura de testes mais padronizada e auditável.;1;A contribuição do trabalho reside na evidência de que soluções personalizadas podem atender eficientemente a requisitos específicos em projetos governamentais.
373-Artigo+.txt;multi_agent;0,4196;0,1868;0,2132;0,6865;0,7336;0,7092;5;3;2;O resumo menciona que o estudo busca responder à questão de qual ferramenta, entre EvoSuite e Randoop, apresenta melhor desempenho na geração de casos de teste automatizados, mas não é explicitamente afirmado no artigo original que essa é a única questão de pesquisa. | O resumo afirma que o estudo preenche uma lacuna na literatura ao fornecer uma análise sistemática e empírica sobre a eficácia dessas ferramentas, mas essa afirmação não é suportada diretamente pelo texto original.;1;a dificuldade enfrentada por organizações de desenvolvimento de software, especialmente as de pequeno e médio porte, na implementação de práticas de qualidade que melhorem seus processos;1;A pesquisa busca responder à questão de qual ferramenta, entre EvoSuite e Randoop, apresenta melhor desempenho na geração de casos de teste automatizados;1;O estudo utiliza uma abordagem experimental com metodologia quantitativa, combinando pesquisa bibliográfica e a Engenharia de Software Baseada em Evidências (ESBE);1;Os resultados indicam que a ferramenta EvoSuite gerou 1.223 scripts de testes, com 35.678 linhas de código de teste e uma cobertura de linha de 94,2%;1;As contribuições empíricas do artigo incluem uma avaliação comparativa das ferramentas de geração automática de casos de teste, destacando suas respectivas forças e fraquezas
373-Artigo+.txt;reflection_agent;0,5437;0,1902;0,2718;0,7146;0,7535;0,7335;5;3;3;O resumo menciona que os testes de software consomem cerca de 30% a 40% do valor total do projeto, mas essa informação não está presente no artigo original. | O resumo afirma que o estudo foi realizado com uma abordagem quantitativa, mas não menciona que a pesquisa também incluiu uma pesquisa bibliográfica, que é uma parte importante da metodologia. | O resumo não menciona que a análise de qualidade dos testes foi feita com a ferramenta Pitest, o que é uma parte central da metodologia do artigo.;1;mas muitas organizações, especialmente pequenas e médias, enfrentam desafios na implementação de práticas de qualidade, como testes de software, que consomem cerca de 30% a 40% do valor total do projeto.;1;Este artigo tem como objetivo comparar o desempenho das ferramentas de geração automática de casos de teste EvoSuite e Randoop, focando na cobertura de código e na detecção de falhas.;1;A pesquisa foi realizada por meio de um estudo experimental com abordagem quantitativa, utilizando as ferramentas mencionadas para gerar casos de teste para o projeto Apache Commons Net, seguido de análises de cobertura com a ferramenta JaCoCo e de qualidade com a ferramenta PITest.;1;Os resultados mostraram que o EvoSuite gerou 1.223 casos de teste, com uma cobertura de código de 94,2%, enquanto o Randoop gerou 1.512 casos de teste, com uma cobertura de 65,4%.;1;A contribuição deste estudo reside na identificação de que ambas as ferramentas ainda necessitam de melhorias para aumentar a eficácia dos casos de teste gerados, visando uma melhor qualidade no desenvolvimento de software.
373-Artigo+.txt;single_agent;0,5485;0,2293;0,2816;0,7264;0,7799;0,7522;5;3;1;O resumo menciona que o Randoop apresentou uma taxa de mutação superior (42,2% contra 36,5% do Evosuite), mas na verdade, o Randoop teve uma taxa de mutação de 42,2% e o Evosuite de 36,5%, o que é o oposto do que foi afirmado no resumo.;1;a dificuldade enfrentada por organizações de desenvolvimento de software, especialmente as de pequeno e médio porte, na implementação de modelos de qualidade;1;O objetivo do estudo é comparar o desempenho das ferramentas Evosuite e Randoop na geração de casos de teste automatizados;1;A pesquisa foi conduzida por meio de uma abordagem experimental quantitativa;1;Os resultados mostraram que o Evosuite gerou mais casos de teste e obteve maior cobertura de código (94,2%) em comparação ao Randoop (65,4%);1;A contribuição do estudo reside na identificação de que ambas as ferramentas ainda necessitam de melhorias para gerar casos de teste mais robustos e eficazes
5932-1045-13355-1-10-20210721.txt;multi_agent;0,2965;0,0946;0,1788;0,6985;0,7486;0,7227;5;3;2;A pesquisa foi realizada com 13 empresas, das quais 7 utilizam ferramentas automáticas | Os resultados indicam que a falta de um padrão de critérios para a seleção de ferramentas automáticas pode levar a decisões que aumentam os custos e reduzem a produtividade;1;a ausência de um padrão de critérios que dificulta a escolha adequada dessas ferramentas pelas empresas.;1;O presente artigo aborda a avaliação de ferramentas de automação para testes de software.;1;A metodologia utilizada é descritiva e comparativa, estruturada em oito etapas.;1;revelou que a ferramenta JUnit é a mais adotada, evidenciando a predominância do teste caixa-preta e a combinação com o teste caixa-branca.;1;A pesquisa contribui para a literatura ao estabelecer um conjunto de critérios claros e aplicáveis para a avaliação de ferramentas automáticas de testes.
5932-1045-13355-1-10-20210721.txt;reflection_agent;0,4267;0,1477;0,2467;0,7349;0,7622;0,7483;5;3;2;A pesquisa contribui ao fornecer uma escala de avaliação e um catálogo de ferramentas, facilitando a escolha e padronização no processo de automação de testes. | Além disso, sugere-se a criação de novas ferramentas que atendam às fragilidades identificadas nas existentes.;1;o problema identificado é a ausência de um padrão de critérios para a escolha dessas ferramentas;1;o objetivo do estudo é realizar uma análise descritiva e comparativa das ferramentas disponíveis;1;O método utilizado incluiu a elaboração e aplicação de um questionário a 13 empresas;1;os resultados indicaram que a ferramenta JUnit é a mais utilizada;1;a pesquisa contribui ao fornecer uma escala de avaliação e um catálogo de ferramentas
5932-1045-13355-1-10-20210721.txt;single_agent;0,4043;0,1;0,2199;0,7377;0,748;0,7428;5;3;3;O resumo menciona que a realização de testes é crucial para garantir a qualidade do produto final e evitar retrabalho, mas não especifica que a automação de testes minimiza o tempo de trabalho e de manutenção, que é uma afirmação central no artigo original. | O resumo afirma que o método utilizado incluiu a elaboração e aplicação de um questionário a 13 empresas, mas não menciona que apenas 7 dessas empresas realizam testes com ferramentas automáticas, o que é uma informação relevante. | O resumo sugere que a contribuição do trabalho reside na identificação de um padrão de critérios para a avaliação de ferramentas automáticas de testes, mas não menciona que a análise das respostas do questionário foi determinante para o planejamento do processo de avaliação, o que é uma parte importante do artigo.;1;a realização de testes é crucial para garantir a qualidade do produto final e evitar retrabalho.;1;O objetivo do estudo é avaliar, de forma descritiva e comparativa, ferramentas de automação de testes.;1;O método utilizado incluiu a elaboração e aplicação de um questionário a 13 empresas.;1;Os resultados indicaram que a ferramenta JUnit é a mais adotada.;1;A contribuição do trabalho reside na identificação de um padrão de critérios para a avaliação de ferramentas automáticas de testes.
93-2024.2 -Michele Ramos Borowski.txt;multi_agent;0,4937;0,2203;0,2405;0,7267;0,7413;0,7339;5;4;1;A pesquisa sugere que a comunicação clara entre as equipes, facilitada por ferramentas como Cypress e Cucumber, é crucial para alinhar expectativas e garantir a qualidade do software.;1;a falta de testes adequados pode resultar em problemas como aumento de bugs, interfaces confusas e uma experiência do usuário insatisfatória;1;O artigo aborda a eficácia dos testes de usabilidade na melhoria da satisfação do cliente em projetos de desenvolvimento de software;1;a pesquisa, fundamentada em uma análise qualitativa de dois estudos de caso;1;a automação de testes, quando bem planejada e executada, oferece vantagens significativas em termos de eficiência e consistência;1;A pesquisa contribui para a compreensão da importância dos testes de usabilidade, enfatizando que sua aplicação eficaz é essencial para garantir a satisfação do cliente em um mercado digital cada vez mais competitivo
93-2024.2 -Michele Ramos Borowski.txt;reflection_agent;0,5106;0,262;0,3138;0,7791;0,7648;0,7719;5;3;3;A metodologia utilizada inclui uma análise qualitativa de dois estudos de caso que investigam a aplicação de testes de usabilidade e suas implicações na satisfação do cliente. | Os resultados indicam que a automação de testes, especialmente quando integrada a metodologias como Behavior-Driven Development (BDD), pode aumentar a eficiência e a consistência dos testes. | A pesquisa destaca que a implementação eficaz de testes de usabilidade pode melhorar a qualidade do software e reduzir custos e tempo de desenvolvimento.;1;O desenvolvimento de software enfrenta desafios significativos que podem impactar a satisfação do cliente, como problemas de qualidade, desempenho e custo.;1;Este artigo tem como objetivo avaliar a eficácia dos testes de usabilidade como um fator determinante para melhorar a satisfação do cliente em projetos de desenvolvimento de software.;1;A metodologia utilizada inclui uma análise qualitativa de dois estudos de caso que investigam a aplicação de testes de usabilidade e suas implicações na satisfação do cliente.;1;Os resultados indicam que a automação de testes, especialmente quando integrada a metodologias como Behavior-Driven Development (BDD), pode aumentar a eficiência e a consistência dos testes, resultando em uma experiência de usuário mais satisfatória.;1;A pesquisa destaca que a implementação eficaz de testes de usabilidade pode melhorar a qualidade do software e reduzir custos e tempo de desenvolvimento, promovendo uma experiência de uso aprimorada em um mercado competitivo.
93-2024.2 -Michele Ramos Borowski.txt;single_agent;0,5297;0,2844;0,3516;0,7806;0,7874;0,784;5;4;1;A pesquisa sugere que futuras investigações devem integrar abordagens quantitativas para medir com maior precisão os impactos da automação nos testes de usabilidade.;1;a falta de testes adequados pode comprometer a qualidade do software, impactando negativamente a experiência do usuário e a satisfação do cliente.;1;O objetivo da pesquisa é avaliar como os testes de usabilidade podem ser um fator determinante para a criação de produtos mais eficientes e alinhados com as expectativas dos usuários.;1;A metodologia utilizada consiste em uma análise qualitativa de dois estudos de caso que exploram a aplicação de testes de usabilidade e suas implicações na satisfação do cliente.;1;Os resultados indicam que a automação de testes, quando bem planejada e executada, pode aumentar a eficiência e a consistência dos resultados, além de reduzir o tempo de entrega.;1;A contribuição deste trabalho reside na evidência de que a implementação eficaz de testes de usabilidade não apenas melhora a qualidade do software, mas também potencializa a satisfação do cliente, reduzindo custos e tempo de desenvolvimento.
Alisson Schmitz de Medeiros.txt;multi_agent;0,214;0,077;0,1399;0,6984;0,7347;0,7161;5;3;4;A automação de testes é reconhecida como uma estratégia para mitigar problemas, mas sua implementação enfrenta desafios devido à complexidade dos sistemas e à escassez de ferramentas adequadas. | A pesquisa identifica uma lacuna científica relacionada à falta de ferramentas específicas para a automação de testes em aplicações móveis. | A pesquisa destaca a ausência de estudos que abordem a replicação de casos de teste em diferentes emuladores e dispositivos. | A metodologia utilizada caracteriza-se como aplicada e de base tecnológica, com o objetivo de desenvolver uma ferramenta para suporte à automação de testes em dispositivos móveis.;1;muitas empresas ainda priorizam prazos de entrega em detrimento da qualidade, resultando em produtos defeituosos e insatisfação dos clientes.;1;Assim, o artigo propõe o desenvolvimento de uma ferramenta que não apenas automatize testes, mas também permita a reutilização e adaptação de casos de teste em diferentes contextos.;1;A metodologia utilizada caracteriza-se como aplicada e de base tecnológica, com o objetivo de desenvolver uma ferramenta para suporte à automação de testes em dispositivos móveis.;1;Os resultados demonstram que a ferramenta desenvolvida é capaz de reduzir o esforço gasto em testes repetitivos simples, permitindo a execução de múltiplos casos de teste em uma única execução.;1;As contribuições empíricas incluem a implementação de uma abordagem que permite a reutilização de casos de teste em diferentes dispositivos e versões do Android.
Alisson Schmitz de Medeiros.txt;reflection_agent;0,4147;0,1279;0,2074;0,7384;0,7548;0,7465;5;3;2;A automação de testes se torna essencial para garantir a eficiência e a confiabilidade dos produtos. | A pesquisa caracteriza-se como aplicada e de base tecnológica.;1;a crescente exigência de qualidade no desenvolvimento de software, especialmente em aplicações móveis;1;desenvolver uma ferramenta desktop para a criação de testes automatizados para aplicativos Android;1;utilizando o framework Appium para a execução dos testes automatizados;1;a ferramenta é capaz de reduzir o esforço em testes repetitivos e fornecer feedback claro sobre a execução dos casos de teste;1;contribuindo para a melhoria da qualidade do software
Alisson Schmitz de Medeiros.txt;single_agent;0,431;0,1627;0,2357;0,7546;0,7528;0,7537;5;3;2;A automação de testes se torna crucial para aumentar a produtividade e reduzir erros. | O método utilizado inclui a criação de casos de testes que interagem com o Appium, permitindo a execução e comparação de imagens para verificar a funcionalidade do aplicativo.;1;a necessidade de garantir a qualidade de software, especialmente em dispositivos móveis, onde a automação de testes se torna crucial para aumentar a produtividade e reduzir erros.;1;O objetivo principal é desenvolver uma ferramenta desktop que suporte a automação de testes para aplicações Android, visando minimizar falhas e demonstrar a importância dos casos de testes no processo de desenvolvimento.;1;O método utilizado inclui a criação de casos de testes que interagem com o Appium, permitindo a execução e comparação de imagens para verificar a funcionalidade do aplicativo.;1;Os resultados indicam que a ferramenta é eficaz na redução do esforço em testes repetitivos e na apresentação clara dos resultados.;1;contribuindo para a melhoria do processo de desenvolvimento de software em dispositivos móveis.
AutoTest-Um_Framework_Reutilizavel_para_a_Automaca.txt;multi_agent;0,2794;0,1401;0,1746;0,6879;0,7511;0,7181;5;3;3;O artigo menciona que as empresas de software muitas vezes não definem objetivos claros e aplicam técnicas inadequadas, mas não fornece dados específicos ou exemplos que sustentem essa afirmação. | O resumo sugere que a lacuna científica é a necessidade de um framework que integre técnicas de automação mais avançadas, mas não é explicitamente mencionado no artigo original. | O resumo afirma que a coleta e análise de métricas permitiram uma avaliação detalhada do desempenho do framework, mas não detalha quais métricas foram coletadas ou como foram analisadas, o que não é suportado diretamente pelo texto original.;1;a complexidade e a falta de sistematicidade na automação de testes de software, que frequentemente resultam em insucessos nas iniciativas de automação.;1;a lacuna científica identificada é a necessidade de um framework que integre técnicas de automação mais avançadas.;1;A metodologia utilizada no estudo consiste na definição e implementação do framework AutoTest.;1;Os resultados obtidos demonstraram ganhos expressivos em eficiência e qualidade.;1;As contribuições do estudo incluem a definição de um modelo de automação que pode ser aplicado em diferentes projetos.
AutoTest-Um_Framework_Reutilizavel_para_a_Automaca.txt;reflection_agent;0,4444;0,2236;0,2593;0,7247;0,7824;0,7524;5;3;4;O resumo afirma que a automação de testes é uma solução promissora, mas muitas vezes é mal implementada, resultando em insucessos, o que não é explicitamente mencionado no artigo original. | O resumo menciona que o método inclui a criação de scripts de teste, templates e regras de uso, mas não especifica que a criação de scripts é uma atividade que pode variar em complexidade e não é sempre mínima, como sugerido. | O resumo afirma que o AutoTest aumentou a eficiência e a qualidade dos testes, reduzindo o tempo de execução de 123 horas para 14 horas, mas não menciona que esse resultado se refere a um módulo específico e que o tempo de execução pode variar dependendo do contexto. | O resumo menciona que a detecção de erros aumentou em 20% em relação à abordagem manual, mas não especifica que isso se refere a um aumento de 33 erros detectados adicionais, o que pode ser interpretado de forma diferente.;1;mas enfrenta desafios como a complexidade dos sistemas e a falta de recursos.;1;Este artigo apresenta o AutoTest, um framework reutilizável para automação de testes funcionais.;1;O método inclui a criação de scripts de teste, templates e regras de uso, visando facilitar a automação em diferentes projetos.;1;os resultados de um estudo de caso em um sistema de faturamento demonstraram que o AutoTest aumentou a eficiência e a qualidade dos testes, reduzindo o tempo de execução de 123 horas para 14 horas.;1;A contribuição do AutoTest reside em sua capacidade de oferecer uma abordagem sistemática e reutilizável para a automação de testes.
AutoTest-Um_Framework_Reutilizavel_para_a_Automaca.txt;single_agent;0,4299;0,2222;0,2269;0,7268;0,7635;0,7447;5;3;3;O resumo menciona que o AutoTest visa melhorar a eficiência e a qualidade do processo de teste, mas não especifica que a automação é uma resposta a desafios como a complexidade dos sistemas e a falta de recursos, que não são explicitamente discutidos no artigo original. | O resumo afirma que o método utilizado envolve a implementação do framework AutoTest, mas não menciona que o framework é baseado em uma técnica mista chamada keyword-data-driven, que é uma informação central no artigo. | O resumo sugere que a automação de testes com o AutoTest resultou em uma significativa redução do tempo de execução e aumento na cobertura funcional, mas não fornece dados numéricos específicos que sustentem essas afirmações, que são discutidas no artigo.;1;o processo de teste, que frequentemente enfrenta desafios como a complexidade dos sistemas e a falta de recursos.;1;O objetivo do estudo é desenvolver um framework que permita a automação da execução de testes funcionais.;1;O método utilizado envolve a implementação do framework AutoTest, que inclui ferramentas, scripts de teste e templates.;1;Os resultados indicam que a automação de testes com o AutoTest resultou em uma significativa redução do tempo de execução e aumento na cobertura funcional.;1;A contribuição principal do trabalho é a apresentação de um framework que não apenas melhora a produtividade e a qualidade dos testes.
Automação de Testes_ Um Estudo de Caso.txt;multi_agent;0,2934;0,1436;0,1789;0,6866;0,7679;0,725;5;3;2;A pesquisa destaca que a execução de testes manuais é um processo extenuante e muitas vezes inviável do ponto de vista financeiro e operacional, resultando em atrasos no desenvolvimento e na manutenção de sistemas, além de uma significativa redução na qualidade dos produtos entregues. | A lacuna científica identificada é a falta de estudos que analisem a implementação de testes automatizados em ambientes públicos, especificamente em relação à automação de testes de regressão.;1;a ineficiência e a baixa qualidade dos testes de software realizados manualmente;1;analisar a implementação de testes automatizados em ambientes públicos;1;A pesquisa foi conduzida por meio de um estudo de caso no TCE-MT;1;os resultados mostraram que a automação foi eficaz em identificar falhas que não foram detectadas em testes manuais anteriores;1;As contribuições do artigo são tanto teóricas, ao ampliar o conhecimento sobre automação de testes em contextos públicos
Automação de Testes_ Um Estudo de Caso.txt;reflection_agent;0,4725;0,2345;0,2783;0,7359;0,7827;0,7586;5;3;2;O resumo menciona que a automação pode ser uma solução viável para a baixa qualidade e eficiência nos testes de software, mas não especifica que isso se aplica especialmente a organizações públicas, o que não é explicitamente afirmado no artigo original. | O resumo afirma que 13 falhas foram identificadas nos testes automatizados, mas não menciona que essas falhas foram encontradas em um total de 45 testes, o que é uma informação importante que não está clara no resumo.;1;a problemática da baixa qualidade e eficiência nos testes de software;1;O objetivo do estudo é apresentar a adoção de testes automatizados no Tribunal de Contas do Estado de Mato Grosso;1;A metodologia utilizada foi um estudo de caso;1;os resultados mostraram que 13 falhas foram identificadas nos testes automatizados;1;O trabalho contribui para a demonstração prática dos benefícios da automação de testes
Automação de Testes_ Um Estudo de Caso.txt;single_agent;0,4656;0,1782;0,2492;0,7341;0,7714;0,7523;5;3;2;O resumo menciona que 13 falhas foram identificadas, mas não especifica que essas falhas foram encontradas em 45 testes automatizados, o que pode dar a entender que a taxa de falhas é maior do que realmente é. | O resumo sugere que a automação proporcionou uma abordagem mais ágil e eficiente em comparação aos testes manuais, mas não menciona que a comparação de eficiência não foi quantificada no artigo original.;1;a problemática da qualidade e eficiência nos testes de software, destacando a necessidade de alternativas que reduzam custos e aumentem a eficácia do processo.;1;O objetivo do estudo foi apresentar a adoção de testes automatizados no Tribunal de Contas do Estado de Mato Grosso, focando na automação de testes de regressão.;1;A metodologia utilizada foi um estudo de caso, onde foram automatizados 45 testes do sistema JusConex-e, utilizando ferramentas como Katalon Studio, Jenkins e SVN.;1;os resultados mostraram que, apesar de 13 falhas terem sido identificadas, a automação proporcionou uma abordagem mais ágil e eficiente em comparação aos testes manuais.;1;A contribuição do trabalho reside na ampliação do conhecimento sobre testes automatizados e na apresentação de uma solução prática que pode ser replicada em outras organizações públicas.
CA234CS19.txt;multi_agent;0,3068;0,0913;0,1553;0,7132;0,756;0,734;5;3;2;A pesquisa destaca a necessidade de melhorar a eficiência e a eficácia na detecção de defeitos, reduzindo o tempo e o custo associados aos testes manuais, que se tornam inviáveis devido à crescente complexidade dos sistemas e à demanda por entregas rápidas em ambientes de desenvolvimento ágil. | Os resultados demonstram que a automação de testes proporciona uma melhoria significativa na eficiência e eficácia na detecção de defeitos, com os testes automatizados apresentando uma média de execução de 18 segundos, em comparação aos 66 segundos dos testes manuais, evidenciando uma economia de tempo superior a três vezes.;1;a complexidade e garantir a qualidade dos sistemas;1;A pesquisa destaca a necessidade de melhorar a eficiência e a eficácia na detecção de defeitos;1;A metodologia utilizada inclui a aplicação de testes automatizados em um ambiente de integração contínua;1;os testes automatizados apresentando uma média de execução de 18 segundos, em comparação aos 66 segundos dos testes manuais;1;A pesquisa sugere que a automação pode reduzir atritos e melhorar a interação social na equipe
CA234CS19.txt;reflection_agent;0,4034;0,1486;0,2216;0,7007;0,7154;0,708;5;3;3;O resumo menciona que o artigo aborda a complexidade da Vigilância Sanitária no Brasil, mas o foco principal do artigo é a automação de testes e suas vantagens, não a complexidade da Vigilância Sanitária em si. | O resumo afirma que a automação de testes minimiza atritos sociais e humanos entre as equipes, mas não há suporte direto no texto original para essa afirmação específica. | O resumo sugere que a automação de testes é economicamente vantajosa ao reduzir custos a longo prazo, mas o artigo discute principalmente a eficiência e a rapidez, sem uma análise detalhada de custos a longo prazo.;1;a complexidade da Vigilância Sanitária no Brasil e a importância da automação de testes no desenvolvimento de sistemas de saúde pública;1;O objetivo é compartilhar experiências sobre a aplicação de testes automatizados utilizando ferramentas como Selenium e SpecFlow;1;aplicação de testes automatizados utilizando ferramentas como Selenium e SpecFlow, além da integração com Jenkins;1;os testes automatizados são mais rápidos e eficientes em comparação aos testes manuais, com o teste manual levando 860 segundos e o teste automatizado 238 segundos;1;a automação de testes não apenas melhora a qualidade do software, mas também minimiza atritos sociais e humanos entre as equipes de desenvolvimento e teste
CA234CS19.txt;single_agent;0,4043;0,1463;0,2156;0,7108;0,7204;0,7156;5;3;3;O resumo menciona que os testes automatizados são mais rápidos e eficazes em comparação aos testes manuais, mas não fornece dados específicos sobre a comparação de tempo de execução, como os 860s para testes manuais e 238s para testes automatizados mencionados no artigo original. | O resumo afirma que a automação de testes reduz atritos entre desenvolvedores e testadores, mas não detalha como isso ocorre, conforme descrito no artigo original. | O resumo sugere que a automação de testes melhora a cobertura de testes e a detecção de defeitos sem aumentar significativamente o tempo e custo, mas não menciona a média de builds realizadas por dia, que é um dado importante para entender a viabilidade dessa afirmação.;1;O problema identificado é a complexidade dos sistemas de Vigilância Sanitária, que requerem testes rigorosos para garantir a qualidade.;1;O objetivo do trabalho é compartilhar experiências e resultados da aplicação de testes automatizados, visando melhorar a cobertura de testes e a detecção de defeitos sem aumentar significativamente o tempo e custo.;1;O método utilizado inclui a automação de testes com ferramentas como Selenium e SpecFlow, integradas em um ambiente de integração contínua, permitindo feedback rápido e eficiente para a equipe de desenvolvimento.;1;Os resultados demonstram que os testes automatizados são mais rápidos e eficazes em comparação aos testes manuais, com uma média de tempo de execução significativamente menor.;1;A contribuição do estudo reside na análise das vantagens dos testes automatizados, que não apenas melhoram a qualidade do software, mas também reduzem atritos entre desenvolvedores e testadores, além de otimizar custos e tempo no processo de desenvolvimento.
Joslaine2.txt;multi_agent;0,3404;0,1143;0,234;0,6965;0,763;0,7283;5;3;3;A pesquisa é descrita como 'Análise de ferramentas de teste automatizado de software', mas o resumo não menciona que o trabalho está 'ainda em andamento', o que é uma informação importante do artigo original. | O resumo afirma que a pesquisa 'oferece uma contribuição significativa para a prática de engenharia de software', mas essa conclusão não é explicitamente suportada pelo texto original, que fala sobre a expectativa de contribuição, não uma afirmação definitiva sobre a contribuição. | O resumo menciona que a pesquisa 'visa identificar as ferramentas mais eficazes e acessíveis', mas o artigo original não faz essa afirmação de forma tão direta, focando mais na avaliação das ferramentas em relação ao contexto das micro e pequenas empresas.;1;a problemática enfrentada por micro e pequenas empresas na execução de testes de software, destacando o alto custo e a complexidade desse processo;1;propor uma avaliação empírica e comparativa de ferramentas de teste automatizado;1;A metodologia inclui a aplicação de um checklist para padronizar os testes e a análise estatística descritiva dos dados coletados;1;Os resultados esperados visam identificar as ferramentas mais eficazes e acessíveis;1;oferece uma contribuição significativa para a prática de engenharia de software, especialmente em um mercado onde a maioria das empresas é de pequeno porte
Joslaine2.txt;reflection_agent;0,3756;0,1043;0,2066;0,711;0,7639;0,7365;5;3;2;O resumo menciona que a pesquisa é empírica e quantitativa, mas o artigo original não especifica que a pesquisa é quantitativa, apenas que é empírica e explicativa. | O resumo afirma que a pesquisa busca identificar quais ferramentas oferecem melhor desempenho, mas o artigo original não faz essa afirmação de forma explícita, apenas menciona que o trabalho tem o intuito de mostrar qual ferramenta teve o melhor comportamento em comparação às outras.;1;micro e pequenas empresas que enfrentam desafios como a complexidade dos softwares e a escassez de recursos.;1;Este artigo tem como objetivo analisar ferramentas de teste automatizado, buscando identificar quais delas oferecem melhor desempenho no processo de teste.;1;A metodologia adotada é empírica e quantitativa, envolvendo um estudo de campo com ferramentas como JUnit, JaBUTi e JEasyTest, utilizando um checklist para padronizar a coleta de dados.;1;Os resultados esperados incluem a identificação das ferramentas mais eficazes, contribuindo para a melhoria na qualidade do software.;1;A pesquisa visa, assim, fornecer um suporte prático para que pequenas empresas possam implementar testes automatizados de forma eficiente.
Joslaine2.txt;single_agent;0,4561;0,1504;0,2105;0,7094;0,7737;0,7401;4;3;2;O resumo menciona que a metodologia é 'empírica, explicativa e quantitativa', mas o artigo original não especifica que a pesquisa é quantitativa, apenas que é baseada em dados de natureza secundária. | O resumo afirma que a análise dos dados será realizada por meio de 'estatística descritiva', mas o artigo original não menciona especificamente o uso de estatística descritiva na análise dos dados.;1;a problemática da qualidade no desenvolvimento de software, destacando a dificuldade de evitar defeitos e a complexidade do processo de teste, especialmente para micro e pequenas empresas que carecem de recursos.;1;O objetivo da pesquisa é avaliar ferramentas de teste automatizado de software, visando identificar aquelas que oferecem melhor desempenho e eficácia.;1;A metodologia adotada é empírica, explicativa e quantitativa, com um enfoque multidisciplinar, utilizando um checklist para padronizar os testes das ferramentas JUnit, JaBUTi e JEasyTest.;0;;1;a contribuição do trabalho se dará ao fornecer uma solução para o alto custo do teste de software, permitindo que pequenas empresas realizem essa etapa de forma mais eficiente e lucrativa.
THIAGO SANTOS DE MOURA - TCC CIÊNCIA DA COMPUTAÇÃO 2021.txt;multi_agent;0,4223;0,1811;0,238;0,7193;0,7378;0,7284;5;3;2;A metodologia utilizada consiste na criação da ferramenta Cytestion, que identifica elementos selecionáveis na interface da aplicação e gera um arquivo de testes que simula a utilização do usuário, assegurando a cobertura de fluxos de utilização comuns e a detecção de falhas. | Os resultados demonstraram que a ferramenta é capaz de gerar testes automatizados de forma ad-hoc, alcançando uma cobertura de 100% das interfaces da aplicação e evidenciando a eficácia na detecção de falhas introduzidas intencionalmente no código.;1;O problema central abordado é a dificuldade em garantir a qualidade de aplicações web, especialmente aquelas que não têm uma documentação de requisitos clara ou que foram desenvolvidas sem a implementação de testes desde o início.;1;O artigo apresenta a ferramenta Cytestion, que visa automatizar a geração de testes em aplicações web utilizando uma abordagem ad-hoc, com o objetivo de melhorar a qualidade e segurança de sistemas que não possuem testes implementados desde o início do desenvolvimento.;1;A metodologia utilizada consiste na criação da ferramenta Cytestion, que identifica elementos selecionáveis na interface da aplicação e gera um arquivo de testes que simula a utilização do usuário.;1;Os resultados demonstraram que a ferramenta é capaz de gerar testes automatizados de forma ad-hoc, alcançando uma cobertura de 100% das interfaces da aplicação e evidenciando a eficácia na detecção de falhas introduzidas intencionalmente no código.;1;As contribuições empíricas do trabalho incluem a proposta de uma metodologia que permite a automação de testes sem a necessidade de uma documentação extensiva, abordando uma lacuna significativa na prática de testes de software em ambientes de desenvolvimento ágeis e dinâmicos.
THIAGO SANTOS DE MOURA - TCC CIÊNCIA DA COMPUTAÇÃO 2021.txt;reflection_agent;0,4474;0,1534;0,2211;0,7417;0,7334;0,7375;5;4;1;A ferramenta é capaz de gerar testes que cobrem 100% das interfaces de uma aplicação de exemplo.;1;o problema identificado é a dificuldade em garantir a qualidade de aplicações web que não possuem testes desde o início do desenvolvimento;1;o objetivo do estudo é desenvolver uma ferramenta chamada Cytestion que permita a geração automática de testes ad-hoc;1;foi utilizada uma abordagem que combina a análise do código HTML e a execução de testes utilizando o framework Cypress;1;os resultados demonstraram que a ferramenta é capaz de gerar testes que cobrem 100% das interfaces de uma aplicação de exemplo;1;a contribuição deste trabalho reside na criação de uma solução que automatiza a geração de testes
THIAGO SANTOS DE MOURA - TCC CIÊNCIA DA COMPUTAÇÃO 2021.txt;single_agent;0,4384;0,1584;0,2217;0,7294;0,7468;0,738;5;4;1;A ferramenta é capaz de alcançar 100% de cobertura das interfaces da aplicação testada.;1;O problema identificado é a dificuldade em garantir a integridade e a funcionalidade de aplicações web complexas, especialmente quando modificações são realizadas no código.;1;com o objetivo de melhorar a qualidade de sistemas que não possuem testes desde o início do desenvolvimento.;1;O método consiste em uma arquitetura que utiliza HTML, CSS e JavaScript, com foco em componentes do Ant Design.;1;Os resultados demonstram que a ferramenta é capaz de alcançar 100% de cobertura das interfaces da aplicação testada, além de detectar falhas introduzidas no código.;1;A contribuição principal do trabalho é a automação da geração de testes, que proporciona uma forma eficiente de garantir a usabilidade e a detecção de erros em aplicações web, sem custos adicionais de desenvolvimento.
Tecnicas_para_Construcao_de_Testes_Funci.txt;multi_agent;0,2477;0,1198;0,1606;0,6738;0,7449;0,7076;5;3;3;A pesquisa é descritiva e analítica, organizada em seções que introduzem conceitos fundamentais sobre testes manuais e automáticos, características das ferramentas de automação, técnicas para a construção de scripts de teste e considerações sobre a execução e comparação dos resultados. | O estudo se baseia em uma revisão da literatura existente, complementada por exemplos práticos e discussões sobre as limitações e contextos de uso das ferramentas de automação. | Os principais resultados incluem a identificação de que os testes manuais são inadequados, destacando a importância de técnicas que promovam a reutilização e a flexibilidade dos scripts de teste.;1;a crescente necessidade de testes de qualidade em sistemas informáticos, especialmente em contextos de desenvolvimento rápido e incremental, onde os testes manuais se tornam ineficazes;1;A automação de testes é apresentada como uma solução viável;1;A pesquisa é descritiva e analítica, organizada em seções que introduzem conceitos fundamentais sobre testes manuais e automáticos;1;Os principais resultados incluem a identificação de que os testes manuais são inadequados, destacando a importância de técnicas que promovam a reutilização e a flexibilidade dos scripts de teste;1;o artigo, portanto, contribui significativamente para a compreensão e implementação de testes automáticos de qualidade
Tecnicas_para_Construcao_de_Testes_Funci.txt;reflection_agent;0,3368;0,1272;0,2105;0,7071;0,7577;0,7315;5;3;2;O resumo menciona que a automação pode ser mais econômica a longo prazo, mas não especifica que, segundo o artigo, isso se aplica especialmente a testes de regressão, o que é uma afirmação central no texto original. | O resumo sugere que o artigo apresenta uma análise abrangente dos conceitos de testes manuais e automáticos, mas não menciona que o artigo também discute as limitações das ferramentas Capture-Replay, que é um ponto importante do texto original.;1;A crescente complexidade dos sistemas informáticos e a demanda por métodos de desenvolvimento rápido e incremental tornam os testes de qualidade essenciais, sendo os testes manuais inadequados para a frequência de reexecução necessária.;1;Este artigo tem como objetivo apresentar técnicas para a construção de testes funcionais automáticos, visando auxiliar organizações na implementação e melhoria de seus processos de teste.;1;O método utilizado inclui uma análise abrangente dos conceitos de testes manuais e automáticos, características das ferramentas para construção e execução de testes automáticos, e técnicas para a construção de scripts de teste.;1;Os resultados indicam que a automação, quando bem planejada e executada, pode ser mais econômica a longo prazo, especialmente em testes de regressão.;1;A contribuição deste trabalho reside na sistematização de informações sobre a automação de testes, destacando a importância de um planejamento cuidadoso e a utilização de técnicas que promovam a reutilização e manutenção dos testes.
Tecnicas_para_Construcao_de_Testes_Funci.txt;single_agent;0,3383;0,1515;0,2481;0,726;0,7699;0,7473;5;3;2;O resumo menciona que a automação pode reduzir custos a longo prazo, mas não especifica que esse custo representa 40% do gasto com testes manuais, conforme indicado no artigo original. | O resumo sugere que a automação é uma solução que pode ser aplicada a diferentes sistemas sem mencionar que isso requer uma infraestrutura específica e planejamento cuidadoso, como detalhado no artigo.;1;a crescente complexidade dos sistemas informáticos e a necessidade de testes de qualidade que possam ser executados rapidamente, destacando a inadequação dos testes manuais nesse contexto.;1;O objetivo do estudo é fornecer informações abrangentes sobre testes automáticos, visando auxiliar na implantação e melhoria dos processos de teste nas organizações.;1;O método utilizado inclui uma análise dos conceitos básicos de testes manuais e automáticos, características das ferramentas de automação, e técnicas para a construção de testes automáticos.;1;Os resultados indicam que a automação pode reduzir custos a longo prazo, especialmente em testes de regressão, mas requer um planejamento cuidadoso e conhecimento técnico.;1;A contribuição do artigo reside na apresentação de diferentes abordagens e técnicas para a construção de testes automáticos, enfatizando a importância de uma infraestrutura reutilizável e de fácil manutenção, além de sugerir a criação de testes genéricos que possam ser aplicados a diferentes sistemas.
Utilizacao_de_Padroes_para_Otimizar_a_Au.txt;multi_agent;0,3364;0,1761;0,2194;0,6918;0,7581;0,7234;5;3;3;O resumo menciona que a automação não garante a qualidade dos testes, mas não é uma afirmação central do artigo original. | O resumo afirma que o FuncTest foi desenvolvido para ser utilizado em um ambiente de desenvolvimento aderente ao nível 2 do CMM, mas não especifica que a proposta já está em uso em uma grande empresa estatal, o que é uma informação importante no artigo. | O resumo sugere que o uso de arquivos de configuração em XML é um aspecto central que promove a eficiência e eficácia na automação de testes, mas não é enfatizado dessa forma no artigo original.;1;abordando a problemática da reutilização e manutenção de scripts gerados por ferramentas de automação;1;O artigo apresenta o framework FuncTest, desenvolvido para otimizar a automação de testes funcionais de software;1;A metodologia utilizada no estudo consiste na proposta do framework FuncTest, que integra técnicas de automação, como Data-driven e Keyword-driven, com padrões de design;1;Os principais resultados incluem uma melhoria significativa na produtividade de novos projetos de automação de testes funcionais;1;As contribuições empíricas do estudo destacam a redução do acoplamento entre scripts e a independência entre scripts e dados de teste
Utilizacao_de_Padroes_para_Otimizar_a_Au.txt;reflection_agent;0,5424;0,2457;0,3051;0,7443;0,7827;0,763;5;3;3;O resumo menciona que o FuncTest melhorou a produtividade na automatização de testes funcionais, mas não fornece dados numéricos ou evidências específicas para apoiar essa afirmação. | O resumo afirma que o FuncTest é utilizado em uma grande empresa estatal de desenvolvimento de software, mas não especifica qual empresa ou fornece detalhes sobre a implementação. | O resumo sugere que o FuncTest proporciona benefícios como desacoplamento entre scripts e independência em relação a bancos de dados, mas não detalha como esses benefícios foram medidos ou avaliados.;1;o problema da baixa reutilização e manutenção de scripts gerados por ferramentas de automação de testes funcionais;1;O objetivo é apresentar o framework FuncTest;1;que utiliza a arquitetura MVC, juntamente com os padrões Factory Method e DAO;1;os resultados indicam que o FuncTest, em uso em uma grande empresa estatal de desenvolvimento de software, melhorou a produtividade na automatização de testes funcionais;1;A contribuição do trabalho reside na proposta de um framework que melhora a eficiência da automação de testes
Utilizacao_de_Padroes_para_Otimizar_a_Au.txt;single_agent;0,5294;0,2148;0,2868;0,7502;0,7787;0,7642;5;3;3;O resumo menciona que o FuncTest foi utilizado em uma empresa estatal, mas não especifica que foi premiado internamente, o que é uma informação importante do artigo original. | O resumo afirma que o FuncTest melhora a legibilidade dos scripts de teste, mas essa afirmação não é explicitamente suportada pelo texto original, que fala mais sobre a reusabilidade e manutenibilidade. | O resumo sugere que o FuncTest proporciona um controle centralizado de erros, mas o artigo original não menciona isso de forma clara, apenas fala sobre a manipulação de erros.;1;a problemática da automação de testes funcionais de software, destacando a necessidade de otimização para reduzir custos e aumentar a qualidade no desenvolvimento.;1;O objetivo é apresentar o framework FuncTest, que utiliza padrões de design para aprimorar a automação de testes.;1;O método envolve a aplicação de técnicas como Data-driven e Keyword-driven, além da arquitetura MVC e dos padrões Factory Method e DAO.;1;os resultados indicam que o FuncTest, em uso em uma empresa estatal, melhorou a produtividade e a manutenibilidade dos testes, proporcionando benefícios como desacoplamento entre scripts e dados, modularização e controle centralizado de erros.;1;A contribuição principal do trabalho é a apresentação de um framework que melhora a reusabilidade e legibilidade dos scripts de teste, além de facilitar a inclusão de novos casos de teste.
WICSI_2016_Artigo_Augusto_12_04.txt;multi_agent;0,3208;0,1212;0,1849;0,6931;0,7376;0,7147;5;3;2;A automação de testes é proposta como uma solução para mitigar esses problemas, embora a implementação efetiva enfrente desafios técnicos, como a escassez de ferramentas adequadas que suportem a plataforma Flex e a necessidade de reduzir o esforço e o tempo gastos em testes manuais. | A avaliação subjetiva dos participantes revelou uma percepção positiva em relação à automação, com 100% dos respondentes concordando que o tempo gasto com testes automatizados diminui esforços em execuções repetitivas.;1;a problemática da garantia da qualidade em softwares legados, especialmente aqueles desenvolvidos na plataforma Flex, que frequentemente enfrentam falhas devido à dependência de testes manuais;1;A automação de testes é proposta como uma solução para mitigar esses problemas;1;A metodologia utilizada é caracterizada como um estudo de caso, focando na análise da automação de testes em um sistema legado específico;1;os resultados indicam que, embora a automação inicial exija um investimento maior em tempo para a elaboração de scripts, a execução dos testes automatizados é significativamente mais rápida;1;As contribuições do estudo incluem a identificação de requisitos para a escolha de ferramentas de automação em contextos semelhantes
WICSI_2016_Artigo_Augusto_12_04.txt;reflection_agent;0,4953;0,183;0,232;0,7431;0,7554;0,7492;5;3;2;A entrega de software muitas vezes não atende às expectativas de qualidade. | A pesquisa também revelou que a automação pode reduzir custos e retrabalho em futuras versões do sistema.;1;o problema da qualidade em sistemas legados, especificamente na automação de testes para a plataforma Flex;1;O objetivo do estudo é desenvolver uma abordagem de automação de testes que minimize a falha humana e a repetição de testes manuais;1;realizado um estudo de caso na empresa SPECTO Tecnologia, onde a ferramenta Sikuli foi escolhida após uma análise de requisitos e avaliação de diferentes ferramentas de automação;1;os resultados indicam que, embora o tempo necessário para a elaboração de testes automatizados seja maior, a execução dos testes automatizados é significativamente mais rápida;1;A contribuição deste trabalho reside na demonstração da viabilidade da automação de testes em sistemas legados
WICSI_2016_Artigo_Augusto_12_04.txt;single_agent;0,4482;0,1859;0,2185;0,7209;0,7484;0,7344;5;3;2;O resumo menciona que a automação de testes diminuiu esforços e custos com execuções repetitivas, mas não especifica que 100% dos participantes concordaram com essa afirmação, como indicado no artigo original. | O resumo não menciona que o tempo de elaboração dos testes automatizados foi de 7h30min, um dado específico que está presente no artigo.;1;O problema identificado é a entrega de produtos de software que, embora atendam aos requisitos funcionais, não garantem a qualidade esperada.;1;com o objetivo de reduzir a falha humana e a necessidade de repetição de testes manuais.;1;A metodologia adotada incluiu planejamento, preparação, coleta e análise de dados, culminando na execução de testes manuais e automatizados.;1;Os resultados mostraram que, embora o tempo de elaboração dos testes automatizados tenha sido maior, o tempo de execução foi significativamente reduzido.;1;A contribuição do trabalho reside na experiência prática de automação de testes em um sistema legado, evidenciando a eficácia da ferramenta Sikuli e sugerindo melhorias para futuras implementações.
artigo2.txt;multi_agent;0,3459;0,1557;0,2346;0,6999;0,7501;0,7241;5;3;2;O resumo menciona que a literatura atual carece de diretrizes claras para a seleção e implementação de métodos eficazes de automação de testes, mas isso não é explicitamente afirmado no artigo original. | O resumo sugere que a priorização dos testes resulta em falhas não detectadas que podem comprometer a qualidade do produto final, mas essa afirmação não é diretamente suportada pelo texto original.;1;muitas equipes, especialmente em pequenas empresas e desenvolvedores independentes, encontram dificuldades em implementar soluções que sejam acessíveis e eficazes.;1;O artigo sugere que a utilização de diferentes tipos de testes e a integração de ferramentas de automação com metodologias ágeis podem levar a uma detecção precoce de falhas.;1;A pesquisa foi conduzida por meio de uma metodologia bibliográfica com enfoque qualitativo, analisando artigos científicos de bases reconhecidas, como IEEE e JSTOR.;1;os resultados indicam que, embora existam diversas ferramentas e técnicas disponíveis, a literatura atual carece de diretrizes claras que ajudem as equipes de desenvolvimento a selecionar e implementar métodos eficazes de automação de testes.;1;o estudo contribui para a discussão sobre a importância da automação de testes e oferece orientações úteis para desenvolvedores e equipes que buscam aprimorar suas estratégias de teste automatizado.
artigo2.txt;reflection_agent;0,5035;0,1831;0,2937;0,7604;0,7712;0,7658;5;3;3;O resumo menciona a 'necessidade de metodologias ágeis', mas o artigo original não afirma isso de forma explícita, apenas discute a adoção de metodologias ágeis como uma prática que pode ser benéfica. | O resumo sugere que a pesquisa foi realizada com 'análise de artigos científicos publicados em bases de dados reconhecidas', mas não menciona que a metodologia foi especificamente bibliográfica com enfoque qualitativo, o que é uma informação importante. | O resumo afirma que 'os resultados indicam que a escolha adequada de ferramentas e a priorização de testes com maior risco e frequência de modificações são essenciais para otimizar a automação', mas isso não é uma conclusão direta do artigo, que discute esses pontos como considerações, não como resultados definitivos.;1;a crescente complexidade dos sistemas e a necessidade de metodologias ágeis.;1;O objetivo é analisar métodos eficazes para melhorar a cobertura e a eficiência dos testes automatizados.;1;A pesquisa foi realizada por meio de uma metodologia de pesquisa bibliográfica com enfoque qualitativo.;1;Os resultados indicam que a escolha adequada de ferramentas e a priorização de testes com maior risco e frequência de modificações são essenciais para otimizar a automação.;1;A contribuição do estudo reside na apresentação de diretrizes práticas para desenvolvedores e equipes de software.
artigo2.txt;single_agent;0,5;0,1958;0,2569;0,7492;0,7685;0,7588;5;3;2;O resumo menciona que a pesquisa foi realizada por meio de uma metodologia bibliográfica qualitativa, mas não especifica que a coleta de dados foi feita em bases de dados reconhecidas como IEEE e JSTOR, conforme o artigo original. | O resumo afirma que a automação de testes pode levar a uma redução de erros e aumento da eficiência a longo prazo, mas não menciona que isso é um resultado esperado e não garantido, dependendo de vários fatores, como a implementação correta e a escolha das ferramentas.;1;destacando os desafios enfrentados na escolha de ferramentas e abordagens adequadas.;1;O objetivo é analisar métodos eficazes para melhorar a cobertura e eficiência dos testes automatizados,;1;A pesquisa foi realizada por meio de uma metodologia bibliográfica qualitativa,;1;os resultados indicam que a automação de testes, embora exija um investimento inicial, pode levar a uma redução de erros e aumento da eficiência a longo prazo.;1;A contribuição do estudo reside na apresentação de orientações práticas para desenvolvedores e equipes de software,
submissao-1771-arquivo-7429.txt;multi_agent;0,4565;0,1223;0,2;0,7047;0,7172;0,7109;5;3;4;A pesquisa é descrita como de natureza qualitativa e abordagem descritiva, mas o resumo não menciona a escassez de estudos ou a observação de aplicação prática, que são aspectos importantes do artigo original. | O resumo afirma que a análise comparativa revela que não existe uma ferramenta única que atenda a todos os cenários, mas não menciona que a escolha deve ser baseada em uma análise criteriosa das necessidades específicas do projeto, que é um ponto central do artigo. | O resumo sugere que o Katalon se destaca pela facilidade de uso e integração, mas não menciona que ele é uma solução emergente com uma comunidade em crescimento, o que é uma limitação importante. | O resumo não menciona a necessidade de considerar o custo de propriedade e a compatibilidade de plataforma ao selecionar uma ferramenta, que são fatores discutidos no artigo.;1;a complexidade enfrentada por desenvolvedores de software na seleção de ferramentas de automação de testes, dada a diversidade de opções disponíveis e a falta de documentação clara.;1;analisa as ferramentas Katalon, Selenium e UFT, utilizando um cenário de teste padronizado para coletar dados que permitam uma comparação justa entre elas.;1;A pesquisa, de natureza qualitativa e abordagem descritiva, analisa as ferramentas Katalon, Selenium e UFT, utilizando um cenário de teste padronizado.;1;Os resultados demonstram que a automação de testes é uma estratégia eficaz para validar softwares de forma rápida e econômica, especialmente em testes de regressão.;1;O estudo também identifica lacunas na literatura sobre a comparação de ferramentas de automação de testes e propõe uma abordagem sistemática para a seleção de ferramentas.
submissao-1771-arquivo-7429.txt;reflection_agent;0,4219;0,1047;0,1979;0,7293;0,7297;0,7295;5;3;2;A falta de documentação adequada é mencionada como um desafio, mas não é explicitamente abordada no artigo original. | O resumo sugere que a pesquisa apresenta uma análise detalhada que auxilia na seleção da ferramenta, mas não há menção a uma análise detalhada no artigo original.;1;a escolha de ferramentas de automação de testes de software, que pode ser desafiadora devido à diversidade de opções disponíveis e à falta de documentação adequada.;1;O objetivo da pesquisa é comparar as ferramentas Katalon, Selenium e UFT, analisando suas características, vantagens e limitações.;1;foi adotada uma abordagem qualitativa, com coleta de dados por meio da execução de testes automatizados em cenários idênticos, permitindo uma análise comparativa sistemática.;1;Os resultados indicam que não existe uma ferramenta única ideal para todos os cenários, sendo essencial que os testadores avaliem as opções disponíveis com base em critérios como facilidade de uso, suporte, flexibilidade e custo.;1;A contribuição do estudo reside na apresentação de uma análise detalhada que auxilia na seleção da ferramenta mais adequada para as necessidades específicas de cada projeto, promovendo eficiência e qualidade no processo de teste automatizado.
submissao-1771-arquivo-7429.txt;single_agent;0,457;0,1185;0,1916;0,738;0,7318;0,7349;5;3;2;O resumo menciona que a falta de documentação clara é um problema identificado, mas o artigo original não faz essa afirmação de forma explícita. | O resumo sugere que a análise comparativa é baseada em uma abordagem qualitativa, mas não menciona que a abordagem é descritiva, que é uma parte importante do artigo original.;1;a dificuldade dos desenvolvedores em escolher a ferramenta mais adequada devido à variedade de opções e à falta de documentação clara.;1;O objetivo do estudo é realizar uma análise comparativa dessas ferramentas, considerando suas características, vantagens e limitações.;1;foi adotada uma abordagem qualitativa, com coleta de dados através da execução de testes automatizados em cenários idênticos para cada ferramenta.;1;os resultados indicam que não existe uma solução única que atenda a todos os cenários.;1;A contribuição do estudo reside na sistematização da comparação entre ferramentas de automação de testes.
